Tweet,HateSpeech
po moje so že tam in so pred časom k nam prileteli tako da bi z izstrelitvijo počakal,2 žalitev
to je lahk človk še ne vem kolk depressed ko ga to sprav v dobro voljo,2 žalitev
in ne zgolj to po trejlerju sodeč je lisbeth salander nov batman,0 ni sporni govor
pravi povolilni golaž cmarim že 4 ure jutri bo fešta v družini kar trije prvoobhajanci,0 ni sporni govor
levice so polna usta človečnostiahmad za stotisoče slovencev ki živijo pod pragom revščine to ne velja,0 ni sporni govor
zaradi rogljiča tak cirkus zaradi davkov ko pa so šli milioni in miljarde v oaze pa tihoprav je naredil in to javno oznanil,2 žalitev
so debila ki je pred meseci po kolesarski progi napeljeval žico med drevesi vrli varuhi zakona že našli,0 ni sporni govor
in najbolj nagravžno ker klerotalibanka kaže na modela zgoraj,0 ni sporni govor
me prav zanima če nam bo in kako voščil naš kurc,0 ni sporni govor
včeraj smo prvič cufali na v novem študijskem letu,2 žalitev
a ni že izraz levi in desni sodniki katastrofalen sploh v kontekstu sojenja,0 ni sporni govor
vodilni so v zadnjem gresili fak ne deset sekund za novo medaljo,2 žalitev
kaj ni to tisti ki se je kotalil po parlamentu v šlosarskem kombinezonu,0 ni sporni govor
povrh vsega uničili 99 arhivov kar je ostalo pa še preprečili vpogled očitno res vse čisto po merilih,0 ni sporni govor
to pa zgleda kot mešanca med pujskom in ovcotega pujsa lahko briješ kot ovco kaj bo to zdej 100 pujsja volna,2 žalitev
tole je majster samo po nove gume skočil ker ko ukradejo platišča avto odložijo na tla ne pa tkole skrbno podložijo,0 ni sporni govor
rokometaši se ne predajajo selektor vujović napovedal spremembe,2 žalitev
mladina ni slovenski medij je udbovski medij v slovenščini,2 žalitev
bos sedela z mano,2 žalitev
ni največji problem v tem da politiki stresajo takšne nebuloze huje je da jih msm nekritično povzemajo in celo zagovarjajo,0 ni sporni govor
ko je vaš minister gašperič na hearingu trdil da slovenija drugega tira še 20 let ne potrebuje ste bili čisto tiho,1 nespodobni govor
za eno obamovo svetovalko je tvitnila da je kokr otrok muslimanske bratovščine in planeta opic,0 ni sporni govor
16 velikonja najprej z lepim preigravanjem v kazenskem prostoru nato pa še rutiniran zaključek za vodstvo budafoki mte 01,2 žalitev
mi smo doma temu rekli rožica med rožicami so se vedno tudi v cvetlični gredi skrivali in kukali ven,2 žalitev
baje se vazelinnarjem in židanusd v sanjah prikazujejo fašisti večini čez dan pa komunisti vzporeden svet v vzgoji prašičev,0 ni sporni govor
kako pa izgleda to ideolosko oz neideolosko urejanje prometa,0 ni sporni govor
zda in zavezniki skušajo zasluge za uničenje islamske države pripisati sebi,2 žalitev
na a kanalu pa našteli veliko afer bmv lažni magisterpa tako mlad,0 ni sporni govor
ko to rdeče babše postaviš pred dejstvo te pa blokira,2 žalitev
misli da ve kako se tej reči streže ampak tokrat se mu utegne načrt sfižiti propaganda gor al dol,2 žalitev
to se mi sliši kot bi v sili vsak še muhe žrl čas je za novo stranko tretja pot,0 ni sporni govor
nima veze s socializmom saj poznate poskuse z elektrosoki ljudje pač raje izberejo komformizem kot zdravo pamet,2 žalitev
levica sestradanim beguncem mesečno stisne 30 eur v roko sebi pa 1900 v žep temu pravi človekoljubnost,2 žalitev
ti razumniki ali nerazumniki se večinoma napajajo pri koritu,0 ni sporni govor
že sedaj se vidi iz poročil v medijih da so balkanski varnostniki menda zlizani z kriminalom,0 ni sporni govor
itak nujno julen se lahko izvleče le če real ta teden izdatno nabije plzen in barco čeprav lahko pade celo že jutri,0 ni sporni govor
se priporočam tud jaz no mi dal deko čez ki jo perem in dam v sušilec drgač pa sesalc,2 žalitev
čestitke res inovativen slogan in aktivnosti upam da cse bolnišnice skupaj z akcijami uspemo dvigniti prag precepljenosti,0 ni sporni govor
so bili to kolaboranti in narodni izdajalci bili so begunci pred komunističnim terorjem in morijo,0 ni sporni govor
prodamo 3 sobno stanovanje v centru maribora za 105000 eur več na prodamo urejeno 3,0 ni sporni govor
bo zaradi neustreznega načrtovanja gradnje urgentnih centrov kdo odgovarjal,2 žalitev
ne mi več mazat ekrana s takim slikam zdej ga bom moral dva dni pucat,2 žalitev
hvala za nagrado žal so me na fb blokirali tako da se tuki zahvalim,2 žalitev
edino kar znajo se znajo zapufatto jim je že kar v navado prišlo,2 žalitev
to je bilo najverjetneje namenjeno na krožnike italijanskih gurmanov najbrž dobro plačajo,2 žalitev
ja pa res ne vem kako jim delujejo možgani lep dan brez dežja bo danes,2 žalitev
ali pešci ki prečkajo kolesarsko ne da bi pogledali kot da so sami takle mamo,0 ni sporni govor
cela jeba veš kaj bom naredil šel bom na en kolesarski izlet po ljubljani in lepo plačal te pizdarije na okencih,0 ni sporni govor
nedotakljivih ne bo več to je nujno za prekinitev tranzicijskih zablod planet,0 ni sporni govor
cel ppdan se vrti ko prdec v hlačahpàše mu amp čaka še da bo noč mirna no šip on tjusdaj,2 žalitev
v ozp koalicija brani zmerjanje orbana in janše z nacistom v mladini spletni časopis,0 ni sporni govor
glej anketo o popularnosti strank ki jo za novo tv 24 pripravlja persival,0 ni sporni govor
ja sem preverila na poptv za nazaj po njihovih informacijah naj bi se zažgal bolnik ki je imel pri sebi vžigalice,0 ni sporni govor
jebem jim mater a v celem posavju en šeftar nima zadnjega platišča za golfa iv,2 žalitev
držijo se tehnike odkrivanja odkritega lagodno in varno,0 ni sporni govor
učni poligon za šolsko terensko delo,2 žalitev
naj bi bilo cedalje boljspa mam obcutk da je cedalje slabs,0 ni sporni govor
po mojih izkušnah gre največkrat za kšn novokvarjen kos strojne opreme če se win10 tkole obešajo maš kej novega prkloplenga,0 ni sporni govor
porodniško je treba razdelit na 50 nujno mater in 50 nujno očeta pa bodo vsi ti problemi čudežno izginili,2 žalitev
lectrofan micro je dbest hoje sicer ne bo popolnoma nevtraliziral lahko pa vseeno pomaga,1 nespodobni govor
čestitamo vsem nagrajencem še posebej pa arhitektom dekleva gregorič za nagrado prešernovega sklada,2 žalitev
danes bi lahko spala do enajstih če bi želela ker nimam fizioterapije uganite kdo je že 10 minut zbujen,0 ni sporni govor
kaj kapitalizm komunisti ti šele prodajajo zrak,0 ni sporni govor
fanta pojdita raje gnoj premetavat bo več koristi ne pa vajinim staršem sramoto delat,0 ni sporni govor
nevladniki pozivajo ministrstvo k prepovedi baterijske reje bolj nujno halal in kušer zakola,0 ni sporni govor
sony xperia go je dober telefon ampak servis ki ga ima je pa katastrofa ni prijaznosti strokovnosti,2 žalitev
lahko se vprašamo kako da sploh vodi ob taki turbo centrifugi obratov pranja možganov ob teh komi manifest praznikih,2 žalitev
naj nekdo označi ki seveda ni blokiran nazy lucy naj še kaj več pove o tem kokice so pripravljene,0 ni sporni govor
novi čudežni deček slo desnice se oglaša iz prestolnice demokracije budimpešte,0 ni sporni govor
naloga medijev je pa da ga dajote na 100 ignore razen nacističnih,0 ni sporni govor
v slo bodo še naprej volkovi medvedi in zajci ne bo več recimo in podobne družbeno nekoristne navlake,0 ni sporni govor
klovn so ga že nagnali iz nl tam lenuhov ne rabijo,2 žalitev
zavedni slovenci ne dopostujejo na hrvaškem sicer pa se je pustijo le ped,2 žalitev
vrla punca malo eno cunjico nacufa pa vsa črna čreda podivja in niti rdeča ni ta krpa,2 žalitev
dohtarji vedo povedat da so se po bolnicah razpasle plave sestre zato je treba s sindikatom v napad češ da so preobremenjene,0 ni sporni govor
in ljudstvo še kar podpira udboforum21 kriminalce to podalpsko pleme slovenceljnov ima res vakum v glavah,2 žalitev
haha izbira igralca gotovo namiguje na to drgač pa še kar bolan cast,2 žalitev
če je novkovič predstavnik gospodarstvenikov se ne čudim da je naša ekonomija v kurcu ča,2 žalitev
na našo pevko za zvečer v vinotoču tržnice koseze,2 žalitev
ko novi obrazi v levici govorijo o humanitaranosti kot razlogu da so se pridružili levici se kordišu v ozadju dela velik cmok v grlu,2 žalitev
nenasvet zlate ribicekormorani in ribe ne morejo skupaj živeti pod vodo,2 žalitev
jih je tudi precej orto levičarjev ki so me blokirali in kao sredinski brez skrbi,0 ni sporni govor
potovanja po svetu z raketami v nekaj minutah na drugem koncu sveta,2 žalitev
to ni čudno ampak skladno z volilnim izidomkretensko,0 ni sporni govor
na tvju je zvezdana na mute v glavi pa slišim artača z smejim se,0 ni sporni govor
čez 14 dni bo verjetno jamral da se v šoli sončkom premalo individualno posvečajo,0 ni sporni govor
joj mi dvignejo pritisk izjave da imamo dovolj lačnih otrok tu ne moremo še za tuje poskrbetme zanima če so ti ljudje kdaj našim pomagali,2 žalitev
poleg tega dnevno ustrahuje uslužbence oš kamor hodi njegova hčerka nič mu ne morejo,2 žalitev
noben pastir krav ne more rešiti pred nasilnim medvedom za to so potrebni lovci,0 ni sporni govor
mafijsko je futura ki na trgu ne blesti dobila 3miljonski posel z židanom vse kaže na dogovorjen koruptivni posel strankesd,2 žalitev
imo nimajo nikakršne omembe vredne baze fanov sploh po fiasku z goljufanjem,0 ni sporni govor
24letnik je ustrahoval osebje v šempetrski bolnišnici grozil jim je z nožem,2 žalitev
triti štuk u mriže prevod tretje nadstropje v mreže,0 ni sporni govor
popoln osebni in poslovni uspeh je serija brezplačnih webinarjev ki jih je za nas pripravila saša einsiedler,2 žalitev
okrutneža ostudna ko mi je mozeg povezal tnalo sekiro in mačko sem ugasnil v keho naj ju strpajo,2 žalitev
za vsakega ki mu je potekel rok trajanja dobiš 1 mi na pokopališču,0 ni sporni govor
ko se neumnost in sovražnost združita proizvedeta simono škoda pa tako ljubka deklica si bila,0 ni sporni govor
še enkrat slovenska vojska nima kaj iskati v u slovenski vojaki po napadu irana zapuščajo,2 žalitev
med uspešnimi v vladi je kar nekaj konkurence dve sta morda res pri vrhu po uspešnosti uničevanja svojega resorja,0 ni sporni govor
oglas za nogometno tekmo slo ima nov dres pridite in si ga oglejte v živo odpustite osebo v marketingu,0 ni sporni govor
hahahaha zdaj že magijo prodajajo kot orožje d d d,2 žalitev
to ni kretenizem to je bolezen in kot vsako drugo živo bitje si zasluži pomoč in usmiljenje,2 žalitev
ni slabo tudi zavarovat stanovanja za namen oddajanja,0 ni sporni govor
če kdo v tej državi ga zagotovo razumeš ti žal je vajinih sledilcev premalo da bi se v političnih glavah kaj premaknilo,0 ni sporni govor
ubogi komunistični ritolizniki ker nimajo pameti se povsem prodajo,0 ni sporni govor
če ne vidijo da se peljejo po pasu rezerviranem za buse je čudno da se zaletijo,0 ni sporni govor
sramota da se kupujejo taka pregrešno draga vozilakaj pa reševalni helikopterji to pa nobenem ni mar,2 žalitev
kako pameten tajkun pravočasno zapre posel in zabriše sledi za seboj,0 ni sporni govor
na facebooku sem objavil 12 slik v albumu detektiranje izkop in uničenje letalske bombe ostaline druge sv,2 žalitev
ček tonček je vsako jutro zgodaj vstal in preštel čice,0 ni sporni govor
protest babic in dedkov pred televizijo wdr kjer so otroci prepevali o babici okoljski svinji via,2 žalitev
ko pa zaradi putina zablokirajo pol slo to ni problem za nebulozatorko,0 ni sporni govor
ne vem če je glih pica ključ do ženskih src,2 žalitev
mogoče ga pa lahko prepričaš da začne spremljat fuzbal in manunited,0 ni sporni govor
poženščeni moški vodijo seminarje za prave moške in ustvarjajo budalaste moške,2 žalitev
pohvalno za defenzivno in voznikom prijazno vožnjo glede bontona teh treh voznikov pa dobrota je sirota,0 ni sporni govor
sej tonavajena na kamot pa široko in ohlapnozdaj pa ti eleganco iz tega potegn,2 žalitev
ali nekdo spušča ognjemete ali pa strelja petkrat v vsakem primeru pa wtf,2 žalitev
stal mirnopartizanski pevski zbor je pravkar na kongresnem odpel vstala primorska,2 žalitev
ne morejo splezati z drevesa ne znajo lahko samo padejo kot tisti njihovi temni bratje z afriške celine,0 ni sporni govor
toliko ene propagande pa za smrečje prvič slišim,0 ni sporni govor
acc 2012 voraksapar zmanjša pojavnost aterotrombotičnih dogodkov korist ne odtehta tveganja pri vseh bolnikih,0 ni sporni govor
z njimi boste lažje premagovali bakterije drugo umazanijo in neprijetne vonje,1 nespodobni govor
če tw dopušča malo popravi zadnji stavek v ko posanci levice dobijo toliko kot zasluži uspešen manager,2 žalitev
jaz jih obešam na štender za sušenje perila lepi so ni kaj,0 ni sporni govor
to dela zaradi enega župana ali pa novinarjevtako se morš znajtnaslovnica novic novinarska rit,0 ni sporni govor
naj me koklja v rit brcne če je v tem tvitu kaj smiselnega ćcraze,2 žalitev
jutri bo spet en kup tečnega folka blodilo naokoli luna ornk trka pol planeta,0 ni sporni govor
a te ni sram da imaš tako veliko rit najprej sem morala slišano sprocesirati ker enostavno nisem bila,0 ni sporni govor
čez 15 min začnemo s predvajanjem filmov za vstop prost,0 ni sporni govor
rusinje prihajajo plus tvitmit iz zasede z,2 žalitev
ne nori a hočeš da dobi luknjo v želodec kar lepo počasi z aspirinčki bolje coldrex,2 žalitev
zakrknjenega sdsovca sem pripravila do tega da mi je odgovarjal na vprašanja in ne samo monologiziral uspeh posebne sorte,2 žalitev
proizvajalci namenoma vgrajujejo napake da telefon ne zdrži več kot 2 leti,0 ni sporni govor
komunikacijsko in drugače podhranjenih ni treba imeti rad jih je pa res kar nekaj na levi in na desni strani,0 ni sporni govor
židan je zagrozil če ne bodo stopili skupaj bo prišel parkelj janša,2 žalitev
zdej me je pa revček blokiral ko mu nisem nasedel na njegov kripto progresivizem,0 ni sporni govor
četrt deci gina pol deci sweppsa deci zmiksane lubenice brez košic serviraj mrzlo,2 žalitev
med šaltanjem kanalov naletel na grozečo prikazen na hbo 2 zdaj jo gledam da se bo ponedeljkovo jutro zdela bolj mila izbira,2 žalitev
ko podgana zmerja je psica lahko kompliment,2 žalitev
jutranje navdušenje nas snegom se je spremenilo v obup 10cm vode povsod,2 žalitev
v prodajalni sens modna revija moških modnih oblačil,0 ni sporni govor
najlažje je na ta način ali pač na bruhanje mi gre,0 ni sporni govor
takrat ko niso še kazali odprto svojih komunističnih želja vsi zananji ministri pa obožujejo rusijo zato,0 ni sporni govor
participativno povišanje davkov za gradnjo socialističnega paradiža,0 ni sporni govor
kaj če bi raje svojo moč izrabili za deportacijo tistih ki nam dobesedno režejo vratove ne pa za tepež lastnega naroda,2 žalitev
totalno neumesna kdaj bo janša dobil vabilo šarca imate za levičarja trump je republikanec non sens tale vas čivk,2 žalitev
po 3 letu je običajno bolje tri smo dali čez so se toliko utrdili v vrtcu da potem sploh niso bili več bolani,2 žalitev
po enega oz dva komunista so prišli to mi deli trump oglasite se na čaj,2 žalitev
ti si bolj nov na tviterju takele skret papirje smo že vse videli in v wc školjko plagiat s trstenjakove,0 ni sporni govor
naučite se nadzorovati svojo impulzivnost in se vedite bolj razumsko,2 žalitev
handle jim je majčkeno popihal v tvitu sicer pa se trudijo,0 ni sporni govor
kakšni primitivizmi moj sin ki študira švedščino pravi da na faksu švedski zdaj rečejo kar švedistan,2 žalitev
peugeot boxer 22 z dodatno vgrajenim hladilnim sistemom izklicna cena 8500,0 ni sporni govor
eh no sta žič pa ze porihtala glavobole p,0 ni sporni govor
že že a ko so opice postale ljudje so se jim skisali možgani,2 žalitev
no lepa gesta pri nas pa se samo krade in krade in fermo zafurajo in jim za nagrado še izplačajo visoke zneske,0 ni sporni govor
te eyeliner štampiljke nobelovo nagrado za moj duševni mir si zasluži izumitelj vsaj to,0 ni sporni govor
baje jih bo moral ravhnkar celo razklati na pol da bo meritev veljavna ker mora meriti v notranjosti polena,2 žalitev
švedska do volitev uvaja mejni nadzor na letališčih in v pristaniščih bodo zdaj evidentirali migrante in skušali omejiti kriminal,2 žalitev
govorim o medijskem ostalo pa vemo kdo organi pregona in sodnija,0 ni sporni govor
20 olimpija pritiska še naprej do strela z glavo je prišel miškić,2 žalitev
psihiatrija take paciente odklanja ker imajo lahko probleme z udbo sprejema pa take z posegi lobotomije elektrošoka,0 ni sporni govor
na fitnesu ena drobna rusinja take kilaže premetava da sem se odločila da je zihr v kgb ker jaz niti pod razno ne dvignem tega,2 žalitev
no to to kar počne junker je vseh vrst nadlegovanje,0 ni sporni govor
ampak res matjaž ne morem in ne morem razumeti kako delujejo možgani teh žensk,0 ni sporni govor
serpentinšek uporabil besedo pocar zdaj mu bo še za 5 zrasla uspešnost odgovarjanja na vprašanja,2 žalitev
sedaj bodo tihotapci ilegalcev z ladjami kar po vrsti nasilno in nezakonito vpluli v pristanišča italije,0 ni sporni govor
bush je trdil da ma irak jedsko bombo pahor pa trdi da ima šiško orožje,2 žalitev
zahtevam da mi tvoja mama časti vse rupurute ki jih bom rabil od danes naprej čina,2 žalitev
saj nihče ni testiral socializma kot je na papirju nikjer verjetno bi kakšna hipi komuna šla uizi skoz,0 ni sporni govor
sramota za celo zdravstveno sfero od fakultete sole ministrstva zbornice,0 ni sporni govor
obvestilnik levice podpiši peticijo za ukinitev dopolnilnega zavarovanja tudi ti,2 žalitev
glede na izbor nastopajočih je prej za pričakovat jamranje v zboru kot polemiko,0 ni sporni govor
presenecena vas zebe pridite k nam malo jaz za spremembo se v kratkih,0 ni sporni govor
v dr kongo smrtonosni streli policistov na protestnike,2 žalitev
grozljivo kaj počno migrantski atomski fiziki kemiki inženirji in zdravniki,0 ni sporni govor
mah nikar tako hitro tulit kliiiime toplo vreme je krasen inkubator ta vse sorte kukce v zraku,2 žalitev
ta moj twit leti na zadrega rdeča samot in ne na janšo,2 žalitev
masiranje lastnega ega ni dobro za sodnika res ne malo samovšečnosti ok ampak maneken z njo pretirava,0 ni sporni govor
tako zre v prihodnost,2 žalitev
ohh čudovita jaz to ves čas govorim čeprav tole kar ti skupaj spraviš je pa že orenk nadstandard res šik,2 žalitev
iz mladine v reklami pravijo da je to napad na suverenost države,2 žalitev
ne upajo ti izrojenci napisati na papir ali splet b o ž i č,0 ni sporni govor
zaradi izlitja taline iz železarne štore gasilci in policisti izvajajo preventivno evakuacijo okoliških prebivalcev,0 ni sporni govor
na nova24tv že vedo saj imajo kader nagrajen z zlatim stojanom,2 žalitev
po protokolu movembra se danes obrijes in potem puščaš ves mesec kar koli ti je pač všeč,0 ni sporni govor
moraš se zavedati da vzgoja ki pusti globok pečat ni nekaj kar bo rešil internet,2 žalitev
pa samo v pon jih lahko se fazaniramo ns so cel tedn gonil vsak dan sm prsla cist crna domov,0 ni sporni govor
prvi kanal nova24tv jim je za drek kaj jim bo se 2,0 ni sporni govor
med desnico in to ni nsi ali ostale levičarske stranke preziram pa vse bivše ali sedanje levake,2 žalitev
še slabši je oni v mbcvikl samo naklada in nič ne obljubi da bo kaj naredil ženagapoznaizmladihlet,2 žalitev
super makedonci so v celoti propalikomunisti so jim zadali smrtni udarecmakedonije ni več,2 žalitev
poznam daljna sorodnica bolj odločne ženske še nisem srečala top,2 žalitev
boter sreča soseda in tajebi gakaj jebi ga vpraša boterja tokaj toto da ti odpadki niso okolju in ljudem nevarni,2 žalitev
ne morem verjet vi ki ste pokopali etiko in moralo sedaj še na debelo lažete narodu v obraz fuj,2 žalitev
dragi antofašisti zahvaljujem se vam za čestitke in vam sporočam da bi v boju proti komunizmu prisegel še enkrat,2 žalitev
stisnit je treba čez ene 10 minut pa imet twitter zraven odprt potem se možgani ugasnejo in je to to,0 ni sporni govor
32 milijonov akrapovičevega denarja a veste koliko kondomov za nezakonite migrante bi lahko kupilič,0 ni sporni govor
nemci in ljubljančani so že izvohali italijane pa prestreže oštarija,2 žalitev
ne vem če ni moj lajf prekratek za take torture jo bom raje še naprej sprot sputzala čeprav ne v nulo,2 žalitev
predpisala mi je 113 saj ne vem če kaj manj boli al se mi že jebe,2 žalitev
vnuki so naše zlatoin ja kar cartaj ga ker prehitro odrasejobova se že srečali nekoč nekje,2 žalitev
še ne še si je pa spomnila da jih moram tisti ograbek nabrati da bo za kremco,0 ni sporni govor
dominika pameten predlogzal jih naredijo zato da se zaredijo v druzbo,1 nespodobni govor
tale je kar poln populizmov nekako v smeri razvoja dogodkov medtem ko je izvoren namen ravno obratno druzbena kriticnost,0 ni sporni govor
dragi dokazano je da se 80 pameti podeduje od matere pa kaj še od očeta pa samo 35,0 ni sporni govor
točno imej enkrat jajca in povej ivanu v obraz kar mu gre drugače boš samo njegov pudelj,2 žalitev
najboljši komad za popevko tedna galsujte,1 nespodobni govor
janša je resna grožnja za ukinitev vseh zaslužnih pokojnin tistim slovencem ki so 271 1945 osvobodili auschwitz,2 žalitev
katastrofalno vodenje oddaje gostje obup eden je priključen na elektriko eni so očala v napoto,2 žalitev
med reklamami bom skačkala cele copatke in napisala en kup tvitov,0 ni sporni govor
če je obljubil še ni dal partljič še vedno računa na mb sodstvo da se bodo izvlekli s kakšno zvijačo,0 ni sporni govor
podpora od a do ž p preudarna podpora ivan oman hvala,0 ni sporni govor
brez koristi in dovoljenj ti politikov ampco da se uniči premoženje ki smo ga mi ustvarili ne gre,0 ni sporni govor
medijska blokada kot v najsvinčenejših časih kdo bi rekel da smo leta2017,1 nespodobni govor
ukradli so mi denarnico in to tako glupi ljudje da je niso znali odpreti in so mi jo uničili preden so jo vrnili ven so denar pobrali,0 ni sporni govor
o jedilni bučki čajoti gladki in bodičasti in sadikah v prodaji,0 ni sporni govor
valda za otepač in kloako bolj higiensko od papirja ajde tud zube loh pereš če je sila d,0 ni sporni govor
prihaja bučen zvok z metalnim priokusom ex eye kakopak,2 žalitev
tajfun največja tole ti sesuje državo nazaj v kameno dobo nje pa ne moreš niti opraskati,2 žalitev
tbone je goveje meso ne samo da si nestrpen bedak tudi hudičevo nerazgledan si,2 žalitev
tip kupi delnico greznice24 pol pa drugim govori da niso normalni rofl,0 ni sporni govor
čefurka kaj ti braniš socialno državo pred tem ste pa pokradli vse kar ni bilo pribito,0 ni sporni govor
mater sem jedel konjske hrenovke in zdaj me na vsak način naganja da bi šel teč heh,0 ni sporni govor
ej proti krcem skoraj takoj pomaga sumeca tableta magnezija meni se to skos dogaja namrec,2 žalitev
ko je bil dec še dec baba pa baba časjeblobolš,2 žalitev
po l 2030 bencinarjev na cesti ne bo več ja in naftni lobi kot najmočnejši na svetu bo vrgel puško v koruzo in se predal,2 žalitev
kriv je pa matoz al šalabajzerji ki ne znajo pravilno vročiti pošte,0 ni sporni govor
snežinke se mešajo z dežjem končno je program na diva tv dobil smisel,2 žalitev
video kako deluje f1 varnostni avtomobil,0 ni sporni govor
45ega so pri nas sodili komunisti in drhal ki je prevzela oblast bog sodi na koncu,0 ni sporni govor
kdor pije rum pred deveto zjutraj ni alkoholik ampak gusar,0 ni sporni govor
also lpp trole v taksnem vremenu jz vidim vsepovsod samo 739201 priloznosti da zdrsnem in fuknem k slon,0 ni sporni govor
mehanska priprava črevesa pred rekonstrukcijsko operacijo zaradi prolapsa maternice ni potrebna,2 žalitev
pravkar igram igro biathlon mania pridruži se in me poskusi premagati,2 žalitev
lepo da ste pokazali primarno zahojenega zlovenca to bo pomagalo proti podebiljanju slovenije,0 ni sporni govor
narobe si razumel snemali so islamiste kaj bi bilo šele če bi snemali kristjane ki so veliko bolj izprijeni in pokvarjeni,0 ni sporni govor
gregor bo moral še kakšno knjigo prelistati prejdan da odgovor malo počakajte prosim,2 žalitev
in hvala za tole miselseveda mi spet tečejo solze ampak to so moje prve solze ki se jih ne sramujem,2 žalitev
ti sploh ne veš kako so teli petki manjkali js že komi čakam sebata in tisto žvižganje v ozadju da latrine ne omenjam,2 žalitev
pravkar igram igro biathlon mania pridruži se in me poskusi premagati,0 ni sporni govor
kdo vam laže 05122018 nova24tv gostja lucija šikovec ušaj via,2 žalitev
akanal ogled za nazaj na sioltv mogoce je to no boljse slika prej kot zvok,0 ni sporni govor
sodni svet je pod kerševanom izgubil vso kredibilnost zdaj hočejo s pravilnikom totalno zmašiti usta sodnikom,1 nespodobni govor
dokler bo večerjal lubenice in pil limonado ne bo streljanja,0 ni sporni govor
organizacijo je potrebno uničiti od zunaj ne gre prostovoljno sem se infiltriral,0 ni sporni govor
zdej je baje sam še terror boy ostalo,2 žalitev
cdi univerzum šola za odrasle išče nove sodelavce,0 ni sporni govor
utrinki 1 dnevi telekomunikacij in informacijske družbe akcija snemamo virtualni studio predstavlja svoje delo,2 žalitev
spregledano v slovenskih medijih 50000 špancev v protestu proti levičarski vladi,2 žalitev
ce ne drugega bomo pa drzavljani vzeli orodja v roke in zavarovali mejo za vsako ceno,0 ni sporni govor
kličete me lahko pedofil kreten zabit itd ampak ko tako govorite o mojem naglasu že prečkate črto,0 ni sporni govor
ce das na isto solo lesarje gozdarje in med sestre je ob 22h na plesiscu kr razvrat,0 ni sporni govor
m ceb deci mel menstro bi zihr mel vsak mesec 5 dni placanga dopusta al pa bolniske fo ne ne 14 dni ker bi jih ze pms dotouku,0 ni sporni govor
ers 2011 inhalacija hipertonične raztopine soli ne skrajša bolnišničnega zdravljenja otrok z virusnim bronhiolitisom,2 žalitev
torej je vse kul in bo palestina kmalu priznana,0 ni sporni govor
tekaške proge urejene na območju kranjska gora za hotelom kompas rateče rateče planica podkoren rateče,0 ni sporni govor
dolgotrajna suša in vročina povzročata gozdne požare v severni evropi celo znotraj arktičnega kroga,1 nespodobni govor
hrvati pridno kupujejo orožje milijarde za vojsko,0 ni sporni govor
jaz pa ne brati izdelkov funkcionalno nepismenih,0 ni sporni govor
spel se z obzorja kreten zahojentam imaš trčka in njega porivaj al pa eno črtico potegni med frendi v rogu,2 žalitev
da ne bi kdo pozabil in rekel kot so že saj pri nas ne bo posilstev ke bo to takoj sovražni govor,0 ni sporni govor
to je mnenje novinarja večinskih medijev namesto da bi pomagal raziskovati mafijo ki pere denar žalostno,0 ni sporni govor
piran je imel plinsko omrežje pred 2 sv vojno mi smo imeli še ostanke te napeljave,3 nasilje
policisti v ratečah zasegli nož poškodovana oseba ni v smrtni nevarnosti,1 nespodobni govor
ja tako kot je bilo v nekih drugih časih znanostvena resnica da so ljudje določene fizionomije bolj nagnjeni h kriminalu,0 ni sporni govor
kronani buteljjasno da so šli na volišča le tisti ki so bili za,0 ni sporni govor
jz sm v ljubljani in mam 20 min peš od mojih vrat do šihta že ugvantan za devat,0 ni sporni govor
in to ti trobi popolnoma mirno in brez kančka slabe vesti prava mala psihopatka,0 ni sporni govor
če preračunamo ceno karavanškega predora bi moral 2 tir stati 540 milijonov če bi bil ves v tunelu,0 ni sporni govor
rolete na daljinca so perverzija lezis na kavcu in premikas ko da saltas televizor,0 ni sporni govor
narkomanček čuš spet zavaja ljudi ček hvala bogu da je spizdil iz sds,0 ni sporni govor
je crn to nafila bare a pec se vedno ne dela tudi po resetu ah well hvala,0 ni sporni govor
torej sledimo nauku čimprej od matere pa med geje in pedofile drugače bomo postali čisto običajni smrtniki,0 ni sporni govor
angela merkel uničila si nemčijo slovenski podnapisi via,2 žalitev
bizarno tekmovanje je ker v isti koš meče neumnosti pozivanja k nasilju in zdravorazumska modrovanja,2 žalitev
vb si je sama nafurala svoje kolonije not cccc,0 ni sporni govor
na dražbah skoraj ni več mogoče kupiti poceni spopad dražiteljev za fursove avtomobile,2 žalitev
zmanjšat čakalne vrste v ljubljani enostavno bolnike pošlješ v maribor,0 ni sporni govor
nova pravila o varstvu osebnih podatkov za telebane kaj prinašajo in zakaj se tičejo tudi vas,2 žalitev
sem kadilec in to je napisano v kartoteki pa vedno to sprašujejo zdravniki ker je to del zdrastvene obravnave pacienta,2 žalitev
kolko hudi umski bolniki morajo biti teli ljudje da uprizarjajo tole preminulo dogajanje,2 žalitev
lastniki psg v zadnjem obdobju,0 ni sporni govor
mnozica caka na podelitev pokala padajo prve dezne kaplje,0 ni sporni govor
esc 2015 prirojene srčne napake povezane s povečanim a razmeroma majhnim tveganjem za ishemično možgansko kap,0 ni sporni govor
orf je povsem levičarska to je grozno res bizarno ne vem ti računi se nikakor ne izidejo tako to ne bo šlo,0 ni sporni govor
nasa 2 sta prvo skatlo rdecih malboro fasala za 4 rojstni dan,2 žalitev
moji strici so premladi za wwii ti si pač nalepil eno partizansko sliko in dal napačen podnapis nič novega,2 žalitev
kdor želi v kratkem času narediti velikopokuriti maščobo nabrati kondicijo in se spraviti v vrhunsko formo je,0 ni sporni govor
termoelektrarna šoštanj ima novega šefa prišel je iz alstoma,2 žalitev
ti levičarski zmazek si čisto izgubil razsodnost neverjetno kaksne naumne lahko izusti nekdo ki je bil nekdaj poslanec,2 žalitev
meni kolo iz riti rase tehnično ne morem niti na avtobus niti v avto no ja kadar fajn sneži si ga izpulim,2 žalitev
italijansko prestolnico rim in njegovo okolico je ponoči zajelo hudo neurje z vetrom in obilnimi padavinami,2 žalitev
kaj pa ko pravijo da se izvaja genocid nad govedom ni res da nismo več za ta svet ampak ta svet animalistov je še v k,0 ni sporni govor
ko orožarski mafijec in dva brezhrbtenična capla barantajo o novih ustavnih sodnikih je jasno da koloniji ni pomoči,0 ni sporni govor
ko pahor govori o zapuščeni dediščini zraste en nov teš6 in v postrojbo vso se včlani en nov pripadnik tipa voje ali traven,0 ni sporni govor
dandanes se otroci med odmori ne igrajo več je treba še kaj dodati,2 žalitev
samo res fajonka uboge ženske in otroci soroš te bo pohvalil,0 ni sporni govor
blokirano v tujini lahko pogledaš z zamikom,2 žalitev
ne vem še se kurblam da grem na vrt polži so me ziher prehiteli d,2 žalitev
velik del masovnih pobojev v zda zagrešili ekstremni desničarji nasilni so pa tisti ki se jim uprejo,0 ni sporni govor
za mnenje o zaprtju trgovin sprašujete penzioniste ki imajo čas 247 ča,0 ni sporni govor
nas is ssn je bilo samo 8 koliko je bilo domovcev pa ne vemo možno da jih je bilo 200 če tako pravi ušajeva,0 ni sporni govor
odplacujejo neke grehe zgleda molim da bo vse ok kemba je džek,0 ni sporni govor
nezaslišano tako grobo je korošica napadla policista ki je opravljal svoje delo video,2 žalitev
to so zgolj vaše domneve ti našemu parlamentu zaupaš v popolnosti vidim tam sediji tudi mahniči,0 ni sporni govor
kot izgleda je udba dedna bolezen v katero je treba kirurško poseči,0 ni sporni govor
nadpovprečno neuki seveda ne poznajo odgovora jih pa kot useful idiots režim skrbno vzdržuje,2 žalitev
malonedeljski vinogradniki popeljali pohodnike od kleti do kleti,2 žalitev
dve steni na kongresnem trgu sta premalo očitno manjkajo še stenice,0 ni sporni govor
itak kdor tega še ni skapiral je navaden retardiranec,2 žalitev
časovna omejitev pa ni najbolj poštena angelca komaj zalaufa pa jo ustavijo kako naj potem slišim še kakšno njeno bedarijo,0 ni sporni govor
letošnje poletje v sloveniji med bolj vročimi v zadnjih letih,0 ni sporni govor
hehe st mam še tastar šit od opreme zanalašč ne kupujem več nič modernega nič 10 let star poceni nokia telefon,0 ni sporni govor
mešanje subkultur privilegiranih hipsterjev in videza revnih vzhodnoevropejcev ustvarja nove nakupne uspešnice,0 ni sporni govor
bruselj nad orbanovo medijsko hobotnico ki v sloveniji obrača nove milijone via,0 ni sporni govor
spet oljke so rodile po nekajletnem premoru na polno nepozabna bera,0 ni sporni govor
in kdo se gre tukaj populizem jj ki je do sedaj predstavil kot edini realni in resni državnik toliko megle sredi poletja,0 ni sporni govor
celotna familija po vertikali je komunistični pedigre,2 žalitev
ps premalo športa mladi so večinoma predebeli in gibalni idioti,2 žalitev
decembra potujem nisem še kupoval bom pa kmalu se pozanimal bolje,0 ni sporni govor
si zelo blizu resnicetudi lgtb baje zelo prisoten,0 ni sporni govor
najhujši so pa panksi k pametujejo o miru iz svojih spalnih sosesk d,2 žalitev
ko se narod odloči za samostojnost ga nič in nihče ne more zaustaviti via,0 ni sporni govor
kakšna čudna blazina sem povečal da ne ležita na khm,2 žalitev
ne morem verjeti52 let ps žena prinesla timijanovo maslo v mali pakungi je baje za srbečo kožo,2 žalitev
leti na luno bi morali biti zato da se znebimo fašistov komunistov islama,0 ni sporni govor
da vidimo kaj jih bolj moti radarji ali minareti,1 nespodobni govor
levica ravna pametno da nagovarja bodoče še neopredeljene volivce in pametne stranke bodo ravnale enako,2 žalitev
jaz desusa ne bi volila že zato ker moram mami za vsak njihov sestanek natisniti milijon nepotrebnih dokumentov na dragocen bel papir,2 žalitev
iščem šoferja s kombijemkamionom ki ima v kratkem pot v smeri stuttgartkarlsruhe 1 paleto bi mel za prpelat dol,0 ni sporni govor
med zemljo in nebom izberi obzorje med gozdom in poljem izberi jaso med hišo in cesto izberi hišo in cesto in vrt in vrt,0 ni sporni govor
ej jz sm cel teden zjutraj mela visoko vrocino zvecer sm bla kul upam da ti hitro mine,2 žalitev
a kaže bombardovali smo vas da vas štuitimo baš ti hvala za te humanitarne bombe,0 ni sporni govor
ko se bo ta poskusila vkrcati na vlak bo prišlo do trajne zaustavitve železniškega prometa v pol evrope,2 žalitev
slovenski evropski poslanci iz vrst epp izključitve orbana ne podpirajo via,0 ni sporni govor
aplavz nagradi ves trud in skrbibravo tina tadej in lali,2 žalitev
volja stricev je očitno da smc potone sd pa koleba med levim in sredinski krilom,0 ni sporni govor
danes ko to vedo nanje seveda hodijo dobro kuhani in posurovijo šele na njih,2 žalitev
prispevek slovenija 30052018 nova24tv nov migrantski val je neizbežen via,0 ni sporni govor
a spet onesnaženamalo čudno to je potrebno temeljito raziskat,2 žalitev
samo po milosti matere partije in murglesailleskih dvorov,0 ni sporni govor
pogorelec iz nsi pravi da je treba slepo ubogat pravila in se nič pritoževat kaj šele kršit zobec 25 nas ni hlapcev,0 ni sporni govor
naj te hitro mine tale vročina mrbit bi lipov čaj znal pomagat,0 ni sporni govor
glifosat novi delček človeške dnk sredi decembra bo jasno ali je domnevno rakotvorni herbicid res prevelik da,2 žalitev
sedaj ko zmaga afd bo letelo ven par 100k črnuharjev in kozjejebcev vlaki začnejo voziti 2752019,2 žalitev
saj veš vojak je kanonfuter in takim ja ne boš kupoval dobre opreme,0 ni sporni govor
in ce je to res da je ga spomenka diklic rusila demos kako si upa priti pred slovenski narod sd pa jo za njena dejanja se nagradi,2 žalitev
židanwc stranka tudi besede ji smrdijo ja pisarna jim je pisuar jedilnica pa wcškolka,2 žalitev
bolj pametno bi bilo da malo pospraviš zadeve ki si jih počel na molu podžupan zadolžen za socialo in zdravstvo sram naj te bo,2 žalitev
en dan si še mlad drug dan se pa veseliš da greš kupit novo ponev ker je stara že zmahana,0 ni sporni govor
pri sosedih ploskanje in vpitje lahko da so čakali da sonce zaprmej zaide in končno lahko odprejo hladilnik ampak pomoje je fuzbal,0 ni sporni govor
zanimivo očitno so jim strici nekaj povedali večkrat se odnašajo kot levica pravijo pa da so desnica,2 žalitev
bralcev diplomatov,0 ni sporni govor
kmalu se bomo v sloveniji samostojno odločali o premiku ure malce sem zbegan če sem za premik sem za domobrance ali za komuniste,2 žalitev
to je samo ogrevanje plus studio ko se pogovarjajo o tekmi jst bi rad gledu pa fuzbal,0 ni sporni govor
hvala sem se trudu ujet čim manj drobtin ki se po pultu valjajo že kšne štrnajst dni,2 žalitev
zagotov pa je zmagovalec interpelacij stranka sds na duhu,0 ni sporni govor
domov si ga naj pelje in ga na vrt postavi namesto palčka da bo polže odganjal,0 ni sporni govor
dve leti je delal v dobro družbe potem pa zase in začele so padati prve kuverte,0 ni sporni govor
sramota da se ne spravljate nad levo državo katera uničuje pošto,2 žalitev
ceste so prazne le vsake toliko me prehiti kakšna marica a jaz česa ne vem,2 žalitev
in nikoli ne bosta razumela a vendar bosta vedno svoj gobec otresala,0 ni sporni govor
ubogi revež še prebrat ne zna tega kaj mu je partija napisala na ploh cetlsc,0 ni sporni govor
auuuu ko si pa tako neuvidevna da nisi prinesla darila mogoče bi celo prišla hitreje na vrsto,2 žalitev
jp tudi v občinskih odborih se nič ne dogajame je strah da smo začel streljat s slepimi naboji,0 ni sporni govor
kaj pa bom ogabna prasica stara sej ne znaš druzga kot psovat govedo smrdljivo,2 žalitev
25 let po trojnem umoru v srbiji morilec streljal sem na ukaz,0 ni sporni govor
ukradene opreme še niso našli,0 ni sporni govor
ljudske pevke iz ceršaka trgajo,2 žalitev
če je provokator bil levičar in ga bo policist prijavil bo suspenz takoj doživel,0 ni sporni govor
kavbojci napizdujejo cel svet to je njihov biznis,2 žalitev
bistriški atletski miting dopolnil polnoletnost najboljša tokrat hrvata foto,0 ni sporni govor
naj kdo zvečer gleda in pokliče rešilca če bo lucija usekala bernarda na gobec jaz ne bom gledal,2 žalitev
poglej si slike iz mitinga v kopru pa boš videl koliko pacientov je še okoli,2 žalitev
tole desnjakarsko kokodakanje samo potrjuje moj čivk na zdravje,0 ni sporni govor
april nikoli ne razočara sneg in dež in vse kar češ,0 ni sporni govor
oooooo k nam prihajajo pomoči potrebni celo iz komorov pa naj še kdo trdi da smo revna vukojebina,2 žalitev
sedežne garniture z ležiščem,0 ni sporni govor
ful sem mela dons en dobr vzgib da bi šla komu psa sprehajat pol sm se pa spomnla da nimam želodca za drekce pobirat,0 ni sporni govor
da se kupi nekaj kokoši ki ti trajno nesejo jajca ti pa trajnostno gospodariš prodajaš jajca po slavensko 1192061975502737409 warningtweepybinderrate limit reached sleeping for,0 ni sporni govor
slovenci imajo vgrajen sindrom žrtve ki zagovarja svojega mučitelja res smo čuknjeni,0 ni sporni govor
skupaj s sportniki in novinarji so upraviceni do posebne dohodninske olajsave,0 ni sporni govor
pravkar igram igro biathlon mania pridruži se in me poskusi premagati,2 žalitev
nisem tam prijatelj živi v avstraliji in je nekje na dopustu pa takole me zajbavle s takimi fotkami,2 žalitev
so pa švicarji srečno normalni ker nimajo fajonk in levakov,0 ni sporni govor
neee samo sobota je rdeckarji pa v svojih javnosektorskih brezdelnih sluzbicah tvitajo samo med delovniki,1 nespodobni govor
eno uro sem računalnik pucal pa še kuj ni placačkajnaj,2 žalitev
oborozena komunisticna varda kje so organi pregona,1 nespodobni govor
uno ko greš k frizerju in potem še na kofe ker se ti ne da kuhat kosila in če te dovolj dolgo ni se bo moški del familije lotil dela,0 ni sporni govor
racionalnejše ogrevanje prostorov s termostatskim ventilom in glavo radiatorja,0 ni sporni govor
kaj jih briga v resnici to meni pritisk dvigne zase in za svoje kile naj se brigajo,0 ni sporni govor
srbski navijači in domači privrženci skandirajo,2 žalitev
triletnica pravi babicine mi pojest teh paprik jih bom nesla v lublano in jih bom tam jejla pa nikomi drugemu jih ne daj,2 žalitev
sadis jeseni cca 40 x 40 cm jame dodaj kaj organskega gnojila vsakodnevno zalivanje ni potrebno,0 ni sporni govor
kr ja ker so spoti obrnjeni na vse strani in se lahk vse fura sam je pa kr treba met wetsuit ker voda ni tok topla,0 ni sporni govor
po dolgem času sem se spet peljal z avtobusom bilo je super,1 nespodobni govor
za komisijo so tapravgaizbrali ki v dz zna samo jamrat in gospodarjem ugajat,2 žalitev
ja z macolo po glavi pa vmes se ti dere na ušesa auš renstan krompir skuhala za kosiu al nauš,2 žalitev
islamska država načrtuje napade na vrtce in bolnišnice po evropi via,0 ni sporni govor
no saj zaradi tablic nas bodo popapcali tisti ki so šele pred kratkim prišli z drevesa,0 ni sporni govor
za njih je dovolj jasna konstrukcija 30 in več se jih že pase na 2tdk roke kažejo kako se bodo mastili,2 žalitev
sedaj še mojega kužka lai ja peljem lulat nato pa spat vsak na svoj konec zjutraj se pa zbudiva skupaj na postelji,0 ni sporni govor
fotografije hude prometne nesreče v bohinju v kateri je umrl motorist,0 ni sporni govor
janšisti si pa predstavljajo da so vsi ki ne tulijo janša janša komunisti,0 ni sporni govor
bo na območje postojne dostavilo električne agregate več,0 ni sporni govor
pony je v spominu ostal kot poceni kolo tukaj pa so ga pozicionirali kot diamant,0 ni sporni govor
psst fosil amonita kot kaminiti ostanek je pa res amolit če se še prav spomnim s faksa,0 ni sporni govor
no desetar fdvjevec exkomunist prištinski doktor obvladovalec udbometod to so tako dejstva kot kritika,0 ni sporni govor
domača žganjekuha je nezakonita ampak tudi naš glavni junak je bil tihotapec,2 žalitev
pa ti si za v vojnik,0 ni sporni govor
klat so nas prišli po navodilih židovskih psihopatov,0 ni sporni govor
lesjak dokazano levi provokator tako da se vaše masturbiranje tu neha,0 ni sporni govor
se mi zdi da majo enerijske pijače okol 80mg kofeina na plocevinko tuki je pa v eni tableti 100 tko da bi se mogl mal poznat d,0 ni sporni govor
v rogozi prvi večgeneracijski center na območju občine hoče slivnica,0 ni sporni govor
največji možen mercedes pol pa ne zna kartice v parkirni hiši vzet in sem mu morala jaz pritisnit knof k sem za njim stala,2 žalitev
hej twitter a se v tehnološkem parku v lj najde kakšna miza kjer bi lahko jutri gostoval za en dan rabim samo wifielektriko,0 ni sporni govor
janša prekletstvo slovenije je izkrivljen proporcionalni volilni sistem in virant in komunisti,0 ni sporni govor
metalka je samo še mesto duhov tam bi lahko snemali grozljivke,0 ni sporni govor
lisec ti si placan za klatenje neumnosti po twitterju iz proracuna ali je to hobi v casu sluzbe,2 žalitev
zaenkrat smo s 4k še v fazi testiranja bodo pa vmesniki kmalu v ponudbi,2 žalitev
ep rokomet zg slovenija fajn premagala monte negro bravooo ni kaj za net gat v varazdin se gre,0 ni sporni govor
bi človk kaj pokomentiral pa ste levaki tako posebna rasa da ni vredno ne časa ne truda,2 žalitev
jebeš take zaveznike ki ti investitorja zbombardirajo in hkrati zahtevajo da z njimi sodeluješ,2 žalitev
popoldne ko je kamnolom zaprt odpeljejo odpadke v ljubljano,0 ni sporni govor
janša šarec potvarja zgodovino slovenski komunisti so pobili več slovencev kot fašisti,0 ni sporni govor
bolj sporočilen bi bil aktivni način so ga zastrupili,0 ni sporni govor
in taksni mentalni pohabljenci obvladujejo veliko britanijo ne le karaci kdo je volil v londonu pakistanskega zupana,0 ni sporni govor
inšpekcijski nadzor pokazal da so v zavodu kengurujčki otroke varovali na črno,0 ni sporni govor
žvižgali so ker so pozabili da so njihovi maturantski časi že davno mimo,0 ni sporni govor
milenijci jaz isto ditchnila vse torbice in samo še usnjen nahrbtnik,2 žalitev
no potem so vas pa celo po vasih kriterijih povsem upraviceno blokirali,0 ni sporni govor
v opozociji lahko ideološko vn štrliš v vladi ko si vezan na realen svet se manevrski prostor precej zmanjša,2 žalitev
od kje ideja da sem komunistnikol bilnikol pa tud ne bom verjel v boga in rkc,0 ni sporni govor
mogoce je mela drisko anyhow enkrat ko bos 35 stara jih bo 10 okoli tebe in sla bos domov s kosaro testerjev,2 žalitev
ker ima tonin za razliko od njih precej več izkušenj šejo,0 ni sporni govor
ok meni marca naredijo poračun lani sem imel 20 ojrotov plusa,0 ni sporni govor
razmišljam o poslovnem modelu prodaja bolh za opice pa ne mi zdaj da slovenija nima opic,2 žalitev
huh pot antifa v zda od junakov do teroristov pa je res kratka še malo in jih bodo množično metali v zapor,0 ni sporni govor
kakšne nebuloze za ne plačaš nič rtv plačujemo vsi obvezno kako lahko to primerjaš,0 ni sporni govor
ekipa vivo cateringa razvajala brbončice v bruslju,2 žalitev
vsaj demostracije zdaj bodo samo še ene pa fašistov in zombijev bo manj,2 žalitev
jojkako si zraselnebi te spoznalmogoče po plašču,0 ni sporni govor
promet 21 pijanih v dobovcu zasegli teleskopsko palico,0 ni sporni govor
s takšimi modeli ni prav nobene možnosti da se slovenski miličniki kdaj transformirajo v prave policiste,0 ni sporni govor
kak je nažgal soigralca v rit pet metrov pred golom neprecenljivo,0 ni sporni govor
posebej ker denar ki ga zaslužijo profesionalni kolesarji je pa res prigaran in to dobesedno,0 ni sporni govor
no je pa res da je prej potrebno še čez nekaj klancev prekolesarit,0 ni sporni govor
pred desetimi leti je tragično umrl makedonski pevec angelskega glasu in obraza toše proeski ni bil le,2 žalitev
ko strašila obdela bodeča žica se pokažejo kar normalne ženske,0 ni sporni govor
sve po spisku lopovski buržuazni rdeči kamarili jtpm,0 ni sporni govor
nočem dramatizirat ob tej uri sam štajerska avtocesta bo moj prezgodnji grob,0 ni sporni govor
rkc in domobranci aktivni med slovenskimi migranti v argentini umazano delujeta proti naši državi,2 žalitev
sobotni piknik v najboljši družbi,0 ni sporni govor
norci ruski savdijcem in irancem bi prodajali najsodobnejše orožje ali se res niso 0 naučili iz zgodovine,0 ni sporni govor
trump po eksplozivnih pošiljkah demokratom v teh časih se moramo združiti,0 ni sporni govor
ko lumpenproletariat oblečeš v kokošanel nisi jim pa razvijal analitičnega razmišljanja in logike,0 ni sporni govor
nov hit v sloveniji infinity zapestnice klikni in si izberi svojo zapestnico s sporočilom tudi ti,0 ni sporni govor
poljska opozarja da ji nemčija še ni poplačala vojne škode slovenija pa v to ne želi drezati,2 žalitev
ko današnjim mulcem rečeš da jim boš postavil nagradno vprašanje najprej vprašajo kakšna je nagrada,0 ni sporni govor
električni kratek stik je skrivnostna višja sila o kateri se ne sme spraševati od kod prihaja,0 ni sporni govor
migranti že v mestu maribor dva sta se iz ormoža v maribor pripeljala kar z avtobusom via,0 ni sporni govor
včeraj sem s pamžovjem gledal tretji del bratovščine prstana 4 ure in pol orkov vilincev in nazgulov tisto je dolgo,0 ni sporni govor
velika kulturna obogatitev je novopriseljeni sosed ki ob sobotah in nedeljah ob 630 seka drva,2 žalitev
stopimo skupaj je eno izmed nagrajenih del natečaja snemimo rozamodra očala,0 ni sporni govor
pa čimprej gospa v velenju se že učimo albansko,2 žalitev
ka je že bil un komad kurcem v čelo a je to blo mišljeno tud tapkanjepo čelu,0 ni sporni govor
izvršni odbor soglasno potrdil protokol ki še ni usklajen wtf,0 ni sporni govor
vem to ja kaj pa porabljena elektrika za vsako transakcijo,2 žalitev
pahor se je dobro odlocil izstopiti sicer bi takole propadel,0 ni sporni govor
baletni večer ob 100 obletnici odprtja opere narodnega gledališča v ljubljani via,2 žalitev
moja sestra ki živi v nemčiji je spet na obisku oprane možgane počasi tajam težko delo,0 ni sporni govor
kosiš čez listje in kosilnica ga scefrapobere odvisno od afinitet,0 ni sporni govor
sporazum med državama bo osebam ki so v pokojninskem in invalidskem zavarovanju omogočil seštevanje zavarovalnih dob 12,2 žalitev
besesa dneva šlamastika slišali jo bomo povprečno 9 6krat na dan pravijo strokovnjaki vsaj do marca,0 ni sporni govor
ne bi šlo ta folk nima fantazije kot so jo imeli že neandertalci,0 ni sporni govor
no sicer pa je tudi streha v dežju precej neuporabna tako da je to nekako rdeča nit postajališč,0 ni sporni govor
teh papirnatih posodic za kolačke ne uporabljajte,1 nespodobni govor
se v zbilje ne rabs je dost ze koseski bajer,2 žalitev
pravkar igram igro biathlon mania pridruži se in me poskusi premagati,0 ni sporni govor
a ja tisto ko so lutke visele pod dravskim mostom in po domovih zvonili in ustrahovali to se ne sme pozabit,2 žalitev
no saj jaz sem čudna ampak osem ur spanja je občutno premalo za skoraj štiriletnika,0 ni sporni govor
on se bo potegoval ljubljančani pa bodo potegnili,0 ni sporni govor
kdo je oblinasta manekenka ki je na rdeči preprogi pokazala spodnjice,0 ni sporni govor
nič se sekirat bratušek itak blokira da vse živo kot janša mene ima blokirano že par let nimam pojma zakaj,0 ni sporni govor
torej najprej blokec potem pa stolpnica nice,0 ni sporni govor
2 3 ure zamude že lahko povzroči zastoj v proizvodnji za zamude pri dostavi seveda dobiš penale vitka proizvodnja in te fore,0 ni sporni govor
sedem nepremagljivih palčkov in odjebana sneguljčica,2 žalitev
ni nujno da z leti postaneš moder nekatere povozi čas ali pa postanejo še bolj primitivni,0 ni sporni govor
to da lahko zaspiš kjerkoli pa naj bo bus letalo železniška postaja ali letališki foodcourt je dar sem precej hvaležen zanj,0 ni sporni govor
blagoslovljene velikonočne praznike kristus je vstal od mrtvih za vse nas grešnike in nas odrešil,0 ni sporni govor
kaj je narobe z mercatorjem cenejši prijazen pa še kaj bi se našlo,2 žalitev
dober posel naredijo policisti ki tako običajno zaplenijo vozilo ki je vredno malo več kot radio v njem,0 ni sporni govor
na bruhanje mi gre ko berem novice nihče ni več pismen novice iz sveta so prepisane oz slabo prevedene,0 ni sporni govor
morebiti so pa ljudje spregledali da ne gre le za ekologijo temveč za politično akcijo stranke sds resnice,0 ni sporni govor
dobro jutri ob desetih začenjamo s programom sledi četrti sklop sodelovanje skladnost poslovanja in komuniciranje,1 nespodobni govor
zveni kot kosilo pri popotu s tem da je hobotnica zgolj tista mafijska,2 žalitev
5 letniki se učijo o pomembnosti pomoči bližnjemu prav je da je to vcepljeno v rani mladosti,2 žalitev
dons kuhna ne dela večsdo po izbiri abc voćne kocka in ciglane prideta v upoštev ker zobar,2 žalitev
preventivna policijska akcija do 17 marca varnostni pas via,0 ni sporni govor
podret mejo pa narest eno državo fore so jim maltene slične,0 ni sporni govor
sem vedel da je nekaj kar je poceni in ražre možgane,0 ni sporni govor
ne živcirajte se dragi bolivarji smc tudi brez glavnega rdečega gverilca zaenkrat še ostaja stranka modernega centralnega komiteja,2 žalitev
to pa je bistroumni nesmisel politika ki je neideoloska ni politika,2 žalitev
kakšna jeba je eu na volitvah zmaga desnica potem pa dobimo socialistične komisarje ki prepevajo komi pesmi,0 ni sporni govor
rokomet gorišnica proti novim izzivom z novim trenerjem,0 ni sporni govor
najvecji zur je pa ko na kavcu izgubis sivanko upam da cimprej pridejo kaksni obiski,0 ni sporni govor
to je normalno ne more ti nardit kosila ali zajtrka zvečer,0 ni sporni govor
ta posadka bo razbijala ljubljano skupaj z antifo zagovorniki kriminala v evropi,0 ni sporni govor
dns je večer da grem v kurac kadila bom iqose in furala se bom z elektročnim skirojem,0 ni sporni govor
mega vprašanja hvala uporabno lahko večerjo postrežem v sredo ob 2005 ista jaz na istem programu,0 ni sporni govor
amerikanci gor ali dol evropo so v prvi in drugi vojni vlekli iz dreka,0 ni sporni govor
štajerci zgroženi nad islamskim propagandnim materialom v njihovih nabiralnikih,0 ni sporni govor
7112014 ob 17h vabljeni v hotel rute v gozd martuljek na delavnice jabolčni štrudelj in aimoht,0 ni sporni govor
malo pa ste zmedeni en del stavka vikate gospoda drugi del stavka ga tikate,0 ni sporni govor
če bi bili funkcionalno pismeni ne bi pisali takih bedarij,2 žalitev
ne v maso se z valjarjem vnese maslo ki ne sme biti pretoplo,0 ni sporni govor
prebil sem se iz kupeja oddahnil sem si študentka in kufer potujeta naprej,2 žalitev
jaz že dolgo jamravce kar brez dodatnih vprašanj napotim na vlado,0 ni sporni govor
v tedniku danes jamrajo ker na barju podirajo premalo dreves v drugem prispevku pa jamrajo ker v mestih menjujejo stara drevesa norci,0 ni sporni govor
v pekarni se zmeri kej zanimivega zgodi zmeri ne bo ti zal ajd mogoce ti bo jutri dopoldan d,0 ni sporni govor
če si pri 35 še samska si itak gnil paradižnik ok js sem 34 tak da mam še slabo leto cajta,1 nespodobni govor
pripelji mene odlično špilam bedaka tako da te potem spet kako leto ne bodo vprašali,0 ni sporni govor
golobi so kot politiki ko so spodaj ti jedo iz roke ko pa so zgoraj serjejo po tebi,0 ni sporni govor
tega mi tudi kaže ma ga me morem gledat zaradi te face butaste,2 žalitev
diši iz krušne peči slastne sveže in naše pice iz krušne peči dobrodošli v naši družbi vedno sveže vedno,0 ni sporni govor
kakšen izgovor je pa zdaj turčija mačku izpod repa privlekla da se loti kurdov mrš,2 žalitev
je kdo izračunal za koliko se bo dvignila gladina morja v kopru,2 žalitev
ker mi smo pa butasti in ne vemo kdo iz epp je v slo delal na referendumu 2 tir,0 ni sporni govor
a še ni kontranapada v delu da je imel izolski strelec v resnici pištolo iz časov trgovine z orožjem,0 ni sporni govor
že uvodna špica od blue planet ii je dovolj za solzne oči pol pridejo pa še gibljive slike noro svet okrog nas je bolano lep,2 žalitev
z današnjim dnem zapuščam stranko nepreklicno uživajte lep pozdrav iz medvod,0 ni sporni govor
vlada bo na državni račun uredila romsko naselje žabin to na parcelah ki so si jih cigani prilastilimlade izobdružine so pa brez stan,0 ni sporni govor
pa pink rožnatih komunističnih palčkov na samorogih iz murgelj ne pozabi,0 ni sporni govor
sovražna kulturnica svetlana makarovič ima več kot 1800 evrov privilegirane pokojnine nova24tv,2 žalitev
zdaj spijo še sem se pred njimi zbudila bi jim šla jaz zdaj malo cingljat,2 žalitev
toaletne mizice vam ponujajo veliko prostora in udobja zahvaljujoč mehko oblazinjenemu stolu,2 žalitev
po zakonu bi jo morali dati ne bi smeli omejevati,2 žalitev
odpuščajo tudi komunisti danes in tukaj iz sfabriciranih krivdnih razlogov,0 ni sporni govor
z vami cerebralnimi bankrotiranci je pa res težko pa dajte si že vtepst v betiico da ne kapirate,2 žalitev
ravno tuli sirena menda obstaja resna grožnja terorističnih na šparovčke,1 nespodobni govor
če te ne moti da se staroselci prilagajajo priseljencem si butl,0 ni sporni govor
sigurno pravijo da je tisti osmanagič sam kopal rove in naredil iz nekega običajnega hriba turistično atrakcijo,0 ni sporni govor
to je edin primeren pokop kakšne vojaške časti kakšna tišina en dolg smrdljiv prdec,2 žalitev
izrojeni židansd je odgovoren za izginotje 100 mio kam verjetno v tujino banke nočejo dati podatkov,2 žalitev
zavedni slovenci ne dopostujejo na hrvaškem sicer pa se je pustijo le ped,2 žalitev
si res z žolčno rumenimidelaš jim sramoto,2 žalitev
slovenija skoz jokca da nič ne more ker smo majhni andora lihtenštajn monacok so res majhni pa se smejijo in uživajo,0 ni sporni govor
revež kot predsednik vlade za nič ni imel podpore to je idealen izgovor da se rešiš kakršne koli odgovornosti,0 ni sporni govor
in ziher bo 34 prispevkov brez zadržkov prikazovalo človeškeživalske mladičke preponosno butastih staršev,0 ni sporni govor
prejšnji teden so dežurne helikopterske posadke sv ponesrečence s smučišč prepeljale 7krat previdno,2 žalitev
ves čas sem tuobčasno mi gre na bruhanje od teh nuboloz na porocilih,2 žalitev
počakaj da bodo še purani za zahvalni dan najbrž tam okrog 20192020,2 žalitev
v franciji streljajo uslužbenci vlade po v njej zaposlenih,0 ni sporni govor
pa ta model ne steka po nesrec ga mojstri arhivirajo pod horor ker najprej sam sliko vidjo igor igor,0 ni sporni govor
v dz se ne manjka trčenih a poliglotki ab nihče ne seže niti do gležnja,2 žalitev
še en populističen predlog levice in dokaz da sploh ne poznajo mednarodnih zavez slovenije,1 nespodobni govor
če kdo potem levaki ki so že navajeni na sistem 2 kuglic tam se je slišalo za koga si glasoval,2 žalitev
moj tast bi tele tipčke poimenoval za loleke a instački na račun svoje kvazi umetnosti lepo živijo,0 ni sporni govor
zato ker je šel natlačen k duceju ljudi niso vozili v gonars zaradi delovanja vosovskih revolverašev so jih pa,2 žalitev
1 a drl 11 krog rd riko ribnica rd urbanscape loka 2423 pomembna zmaga nad mlado in poletno loko,2 žalitev
uni iz situle so uni ki jim z vzratnega ogledala visijo cdji sicer pa lahko volijo,2 žalitev
ne nasedajte lažnim zgodbam zapustil je družino da bi rešil svojo rit družine pravi moški ne zapusti,2 žalitev
nič komunisti jejo kaviar na kongresu in nimajo časa to kr kapitalisti naredijo,0 ni sporni govor
pač 3b samo v škodo države in v upanju na šefovo pohvalo,0 ni sporni govor
pol sem pa jaz neroda od nerod še po mojih fantovsko urejenih nohtih se usekam počez čez nohtal pa imam predobre nože,2 žalitev
sprememba telesne teže sorazmerna s spremembo prostornine sklepnega hrustanca pri debelih bolnikih z artrozo kolen,2 žalitev
slovenija ni več slovenija je prišla nazaj komunistična jugoslavija s srbijanci na oblasti,2 žalitev
za turiste zaprta še ena idilična destinacija tokrat filipinska,2 žalitev
00 88 verbič preigraval vendar streljal mimo gola,2 žalitev
itak tepena žena ki moža ne zapusti slovenec tistega ki mu uničuje državo in lajf tudi vedno znova voli takle mamo,0 ni sporni govor
če ne takoj pa potem ko se mulci nočejo niti po telefonu pogovarjati s tabo ker se imajo tako fajn s starimi starši,2 žalitev
goriško sodišče zaustavilo likvidacijski postopek za družbo kb1909,2 žalitev
dopolnilno zdravstveno zavarovanje ostaja koalicija sds nsi desus smc sns in sab proti preoblikovanju,2 žalitev
enako pomembno kot kaj se zgodi je kaj se ne zgodi to butlsocialisti vedno pozabite,2 žalitev
pahorjev štab razpošilja bonboniere šopke rož in zahvalna pisma podpisnikom te peticije čaj,2 žalitev
porodniško je treba razdelit na 50 nujno mater in 50 nujno očeta pa bodo vsi ti problemi čudežno izginili,0 ni sporni govor
gostilna pustov mlin v cerovici vas ta vikend navdušuje s postrvmi ter z domačim kruhom in pecivom,0 ni sporni govor
česa takega v domišljiji ne bi zmogla ne milčinski in ne hašek so pa celjski humanitarci nepresezeno krohotam se,0 ni sporni govor
spet je leto naokoli spet pijo slovani v pivnico pod rožnik izvoli pivec razigrani,2 žalitev
strah komunistične partije se uresničuje demokratično gibanje se iz hong konga širi na kitajsko,0 ni sporni govor
po riti mačkona da se bo vedu obnašat kaj se to pravi ostanke ti pustit,0 ni sporni govor
spomenka z ustavite resnico tokrat ni uspela ji ne verjame nihče več bo treba na resni pogovor v murgle ali pa na magistrat,2 žalitev
janša naj se že vendar umakne čas je da se oblikuje nekaj povsem novega čas je za alternativo,2 žalitev
ma ni bolezni k je bergdohtr ne pozna bohved ce ni s pehto v sorodu,2 žalitev
pravljične urice v organizaciji kuda vitomarci so se tokrat odvijale pri pavličevi kapelici,0 ni sporni govor
najprej zavarujte mejo dokler tega niste sposobni se ne oglašajte,0 ni sporni govor
v prometni nesreči s pobegom umrl 72letni pešec via,0 ni sporni govor
uspelo mi je skuhati ravno prav idealno količino testenin in to brez tehnice,2 žalitev
katera je prava resnica g tomc resnica kot jo vidi sds kdor govori o pravi resnici v resnici o njej pra nič ne ve,0 ni sporni govor
če boste pridni vam bomo odprli tudi radiatorječe jih sami ne znate,0 ni sporni govor
najprej tako da idejo za populizmom razumeš bolje od populistov ki jo prodajajo,2 žalitev
vsakič k se menim s tabo je jeba v sobi od zdej naprej bo samo nenapovedan poziv,0 ni sporni govor
bolezen in mrhovinarstvo namesto novinarstva,2 žalitev
najprej je potrebno ocistit ljudstvo lastnih lopovov in barab pa vecina jih ima avtohtona slovenska imena,2 žalitev
to so seksi stvari ki jih on noro želi od tebe in jih nikoli ne bi sama uganila,0 ni sporni govor
a si predstavljaš da bi slovenska vojska kuhala na pikniku od sds to se govori tudi če ni res,2 žalitev
je sindrom seks lutk pokazatelj kaj si moški v resnici želijo,0 ni sporni govor
po dveh večerih divjanja z se počasi spravljam skupaj s čaji in kupom debelih knjig,2 žalitev
peinkiher je sicer bebec občasno pa se mu le porodi kakšna pametna misel,0 ni sporni govor
zataknjen si ti v svojem telesu priporocam vec rekreacije in manj gobezdanja,0 ni sporni govor
beli klifi dover anglija obišči,2 žalitev
božič se že nestrpno približuje a bodo piškoti zdržali do božiča,0 ni sporni govor
morate vedet ko te enkrat pošljejo k psihiatru to pomeni da te bodo jebal do konca življenja,0 ni sporni govor
če gre punca s pobi v hosto se v tujini reče da se je skurbala v sloveniji pa rečemo da je šla v partizane,0 ni sporni govor
vsem penzionistom cca 1600,1 nespodobni govor
ekstremna levica inmesečnik lunatik trdi nasprotno,0 ni sporni govor
tega sem gledal v kino metropol drugače pa še nekaj časa v cineplexx kinih,2 žalitev
v š na izhodu pa električni avtomobili,0 ni sporni govor
tale dečko se sprehaja po poljanskem nasipu in fotka kolesa priklenjena ob ograjo,0 ni sporni govor
na nova24tv že vedo saj imajo kader nagrajen z zlatim stojanom,0 ni sporni govor
nisi štajerc to slišim tudi žabar nisi zagotovo ne morem pa določiti od kod prihajaš iz knjižne slovenščine,0 ni sporni govor
hvala mami ker mi v solato za sabo das drobnjak tiste veste sreca ko takoj vzamem telefon v roke in jo klicem,2 žalitev
če bi slak poptv odmevi tako napadal strice iz ozadja kot je napadal ubogega šolskega inšpektorja bi ga imel za novinarja in ne nabijača,2 žalitev
komentarji in ocene ki jih uporabniki puščajo pod izdelki na spletu so še vedno sumljivi,0 ni sporni govor
žerjavist pride nažgan na delo šef ga pusti vozit žerjav letita oba rtvslo vse cool našitm,2 žalitev
otroci so odkritosrčni torej si puterček drugo preveri s tehtnico,0 ni sporni govor
pluvanje po janezu janši se ne obnese več drugiga pa ne smejo pisatpa je to to,2 žalitev
zgleda da se penzijski sistem sesuva da upokojencem dajejo brezplačen prevoz namesto višjih penzij zgleda da so preveč pokradli,0 ni sporni govor
a niso protibolečinske premaknili v petra držaja,0 ni sporni govor
enemu od otrok so zadnjič gate padle iz hlačnice sredi telovadbe,2 žalitev
takšni srčki so samo bedaki govorijo da so nevarni,0 ni sporni govor
tako je navodila z vrha padajo,2 žalitev
varuh pa kot navadno pezde molči ali pa naklada floskule o sovražnem govoru,0 ni sporni govor
a publiko ste tud peljal v bg na snemanje al so to domačini,2 žalitev
invalidski simulanti kot pravite znajdit se moraš da prideš do invalidske izkaznice poglejte se v ogledalo,0 ni sporni govor
otroci oš toneta ropa na facebooku piše da je bila v portorožu pijana kot čep ne berite režimskih časopisov,2 žalitev
pikapolonca je priletela na oddelek moral sem jo uloviti in dati pacientu a,0 ni sporni govor
izgubili objektivnost oportunistično medijsko trobilo žalostno,0 ni sporni govor
študenti in študentke fakulteta za elektrotehniko in fakulteta za računalništvo in informatiko pridete na,2 žalitev
kdor ne loči bruto od neto ne more biti v vladi mesec prosim obnovi osnove ekonomike,0 ni sporni govor
bila je podpredsednica alde avtomaticno s tem dobijo toliko pik da jih ni mogoce ujeti,2 žalitev
tako pa predlaga jfvn jezus frči v nebo mnfir marija nič fukala in rodila to pa jaz ne bom plačal,0 ni sporni govor
ja vemo da ste vi borci proti eu lopovom ne pozabite sedaj mahati z bandero rosso da vas bodo lahko vsi videli,2 žalitev
samo pokvarjene komunjare so proti napredku in znanosti njim so dovoljena vsa sredstva,0 ni sporni govor
tam jih poskušajo vrniti staršem kar je pohvalno pri nas jih pa jemljejo starim staršem,0 ni sporni govor
jutranjidopoldanski val je bil prav njami zrezki čez krožnik tanki tolčen baker stil to mi delaj pa motovilec in pk zakon,2 žalitev
vatovca pred rtv čaka vesoljska ladjada ga po koncu odpelje tja od koder je prišel,2 žalitev
oči činkvina oči ostarele motne tipajo iščejo razbirajo ljube obraze ob vzglavju ugasnejo avtor triglav,0 ni sporni govor
vsaj na stara leta pred smrtjo navadno ljudje delajo dobra dela ki pomenijo lažji prehodkučan nagaja,2 žalitev
glede na to da nas psihić katanec dela budalezakaj enostavno bojkot reprezenzanceostanimo doma in pridemo čez 10 let navijat,2 žalitev
na nek način moram zaščititi dekliško nedolžnost spolna sla kameltrajbarjev je vredna zaščite,0 ni sporni govor
nokia še lep čas ne gre nikamor imajo tud plan b patenti so tolk vredni kolikor kdo da zanje in vsak dan manj,0 ni sporni govor
po moje ni ne obvezna in ne ukinjena nekateri imajo pac prevec casa se z neumnostmi ukvarjat,1 nespodobni govor
vi nasprotujete vsemu in vsem ki ne dihajo komunistično o iq vaše stranke in njenih članov pa,2 žalitev
pojdi naslednje leto na adventni sejem v graz cel maribor je tam,2 žalitev
na čolnih so tudi 3x žgani iz podsaharske afrike afriko afričanom,2 žalitev
pred leti je pred našo stolpnico usekalo v akacijo 15 cm nad tlemi jo je skoraj odrezalo,0 ni sporni govor
a se tale precednik samo namočen takole po brežnjevsko kušuje a je furtnafurt tak,0 ni sporni govor
aja oni drugi so pokvarjeni in lažnivimi smo pa čisti kot solza,2 žalitev
sredi zagreba vzklikal tito za vedno cerarjeva vlada financira komunistične aktiviste v tujini,2 žalitev
mi smo lepi in pametni oni so grdi in neumni razmišljanje komifašista,2 žalitev
men pa niso bogvekaj intelegentni ali duhoviti tist o nagcih pa sploh ne ker je zadi cela tribuna slečenih fantov,2 žalitev
mojka maveč bi medtem ko henrycole ne more prehvaliti lepot ljubljane outsorcala moškekako slovenceljsko,2 žalitev
kaj čmo ni druge komunisti so posrkali vse kar je bilo kaj vredno,0 ni sporni govor
tipičen butasti desničar ki mu še ni jasno kje se mu je zalomilo,2 žalitev
ker durh marš gobcam sem skoraj pozabil srečno in uspehov polno novo leto želim najlepši twiterašici s katero si deliva ime,0 ni sporni govor
fotkat so se šli z morebitnimi kolajnami za suport se pa lahko obrišejo pod nosom sramota,2 žalitev
v mali kozarec daj pol kisa pol vodepol žličke sladkorjacca 2ml prila pri meni se jih je ulovilo 100 mušic,0 ni sporni govor
škofje bi morali bolj premisliti preden zagovarjajo izrael ki se brani z orožjem zatiranjem in likvidacijami,2 žalitev
rdeča soba z masažnim stolom,2 žalitev
če dodaš še frutek bo vsak mislil da imaš svoje mulce doma,0 ni sporni govor
ko jih boste prenehali kupovati jih bodo nehali prodajati tako enostavno,2 žalitev
je bil ja ukraden avto tanov pa je bil kupljen prek kredita kjer je v paketu prislo tud zavarovanje,2 žalitev
vzemi raje kramp pa pejt delat kaj pametnega če si edini pameten,2 žalitev
jasno je da socialistom zelena služi zgolj kot maskirna barva s katero skušajo zakamuflirati svoj razredni boj,0 ni sporni govor
sodec po gumi in feltni sem nekaj trdega zadel in je razparalo gumo,2 žalitev
itak po petem mi blo čudno da se nc ne prime pol pa preberem da ma sam 4 ku mercatorjevo jebenti žalost,0 ni sporni govor
do sedaj so bili vsi skup še najbolj podobni kaligulipravne orgije nad tujim premoženjem,1 nespodobni govor
to vsegliharstvo nam vcepljajo komi prasci buuu ma da jih,0 ni sporni govor
zanimiv k sem pr masi se mi ne zdi da se tolk poslusa zupnika na tw pa vidim da se jih kar natancno spremlja,0 ni sporni govor
ja sicer pa globalne okoljske organizacije proti palmovem olju agitirajo in osveščajo že vsaj desetletje,0 ni sporni govor
če bi u kurac poslal krjavlja od šefa je romana čist primeren kader za predsednico velik boljša kt zdajšnji klovn,0 ni sporni govor
taki in podobni uspehi so direkten indikator za koliko se je povečalo število revežev,0 ni sporni govor
pobarvanke sm moral naprintat kupil sem jih na kjer sem platinasti član,0 ni sporni govor
dokler ne sprejmete prave slovenske resnice zločinskost komunizma vas bom samo bral toda ne redno,0 ni sporni govor
to je grozno da nekdo na nesreči širi svojo propagando kot ta dva neodgovorno je in to spodbuja sovraštvo,0 ni sporni govor
za novo leto bom zeni kupla 100 metrov alu folije naslednje leto lahko ziher kupim novo rolo,0 ni sporni govor
11let so rabili da je obtožnica pravnomočna za mafijcaopankarja komunistbavconovo krivosodje,2 žalitev
migrantov na drugi strani kolpe kot mravelj via,1 nespodobni govor
naprej prijavite makarovičevo zajebem vam pas mater,0 ni sporni govor
tudi gobcanju srpokladivarske dvorne estrade ni bilo ne konca ne kraja,2 žalitev
četudi čudaška provokacija to z monopoli galeristov in kustusov drži,2 žalitev
če si ti normalen potem pa res ne bi rad spoznal onih drugih,0 ni sporni govor
bravo primc in ponoreli janšisti na katetrih imajo spet glavno besedo v prime timeu pa še novinarka tea šavor je iz sds,0 ni sporni govor
tole se mi zdi pa tako napisano kot da si malo potestirala tisto zadevo iz prejšnjega tvita,2 žalitev
ne vem baje vsak vikend busi prihajajo je rekla prodajalka iz primarka,2 žalitev
bombastičen naslov bi bil potonil je čoln s korejskimi migranti konec dober vse dobro,0 ni sporni govor
haha ironija je da si ti sam po sebi fejkpiškotarček v službi murgl al kak že pravijo desničarji,2 žalitev
vsi smo proti terorizmu klanju ti pa zdj od mene zahtevaš naj ubijam wtf,2 žalitev
manometer na pumpi čudovita priložnost za mansplaining če je keremu zmanjkalo idej ni za kaj,2 žalitev
dame in gospodje novi tip letala v družini airbus a220,2 žalitev
gledamo in poslusamo zelo zanimiva zenska mela bi jo za predsednico,0 ni sporni govor
je napisala rdeča mrha ki bere sranje od žurnala24,2 žalitev
foto v new yorku mrtvi bil je teroristični napad pravi župan,0 ni sporni govor
pravkar pred glavno postajo komunistične milice v kranju tip s čefursko muziko do konca nihče ga ne ustavi si ne upajo imajo šefe,0 ni sporni govor
pahor je pokončen mož ste videli kako je upehan v obraz ko je marširal čez celo slovenijo za svojo kampanjo malo takih mož,0 ni sporni govor
povsod ne samo v slo so politicne elite pokvarjene oblast izpridi se tako postene ljudu,2 žalitev
napoved nocoj ob 20 uri gost oddaje iz oči v oči na s vabljeni k ogledu,1 nespodobni govor
hibridna vojna proti ostankom slovenske normalnosti se nadaljuje odgovor strnit domoljubne vrste,2 žalitev
baba prfuknena mackoni iz mesa med drugim rabijo taurin ki je bistvenega pomena za delovanje vseh njihovih zivljenjskih funkcij,0 ni sporni govor
kmalu bomo izvedeli kakšen bo nikonov brezzrcalni fotoaparat s tipalom polnega formata full frame,0 ni sporni govor
pogovor s tasco ona ce bos repincl si ga idi nabrat da bos lahko meso vzel iz skrinje,0 ni sporni govor
kdor izziva z zvezdo priznava komunizem v najslabšem pomenu in je ideološko pristranski,0 ni sporni govor
pri neumnih in umrlih baje vedno trpijo bilžnji,0 ni sporni govor
dodala bi še biser ki je domov privlekel bombo vurberk ni ful daleč od maribora lahko štejemo zraven,2 žalitev
naročim well done evo ti modela z dobesedno surovim šniclom pa pizda a si ga moram sam nardit,2 žalitev
kar mi gre na zivce pri tviterju je to da je mozno skrivati identiteto se bolj pa da jih folk uposteva,0 ni sporni govor
jebo pasa ljubljankovićovga še parkirišč ni mogu zrihtat za tote usrane stozce,0 ni sporni govor
najbrž ga je kdo stisnil da ni šlo al je pa preprosto slovenec za volanom mam večjega ko te jebe,0 ni sporni govor
kzs in klubi začenjajo veliko promocijo ženske košarke,2 žalitev
smo volil jest in žena watroc še ne smejo za evropo za mir za svobodo za pravice,2 žalitev
bojim se da je zobčev poziv glas vpijočega v puščavi dokler ne bo nekih resnejših strukturnih sprememb v sodstvu,0 ni sporni govor
spletno oko žrtve večinoma deklice stare do 10 let,2 žalitev
pahor ima res trapastenaj rajši pobira smeti in dela saj kot predsednik nima pojma,0 ni sporni govor
ne samo sram odjebat bi jo morali iz vseh državnih služb gnoja babjega,0 ni sporni govor
včeraj sem s pamžovjem gledal tretji del bratovščine prstana 4 ure in pol orkov vilincev in nazgulov tisto je dolgo,2 žalitev
še dobro da je aprila kertakrat snegec več ne padače,0 ni sporni govor
video je to najbolj spektakularen posnetek bruhanja vulkana v indoneziji via,0 ni sporni govor
res beda sicer pa od marionetne vlade ni potrebno prav nič pričakovati,0 ni sporni govor
ne glede na to kako odnos on do medijev ga bi morali obravnavati enakopravno še posebej pa rtv,2 žalitev
pošljite mu še kučanovega podtaknjenca janšo bo vsaj v kabinetu če ne ravno pv,2 žalitev
lahk pridem v tvoje stranišče scat ker se mi mojga ne da pucat bom na svojem le še sral šam,0 ni sporni govor
črni nasmešek ni tako prešeren kot zokijev imel vseh vej oblasti za seboj,0 ni sporni govor
no ta tedenski pregled na rtv je pa res eno samo zavajanjena madžarskem taborišča v iraqu vojna trump pa naj bi širil lažinovinarfalanga,2 žalitev
18 volarič ne nevarno streljal z glavo a ni bil dovolj natančen 00 nk drava,0 ni sporni govor
pizda če jo tko nažgeš da jo psmodi maš pa res problem s potenco,0 ni sporni govor
maturanti begunskih gimnazij so se vpisali na univerzemed najboljšimi,2 žalitev
otroške žrtve niso kost za glodanje človečnosti manjka,2 žalitev
no ja slik putina z drugimi državniki je cel kup lahko začnete z merklovo,0 ni sporni govor
resnica pa je da se je število kriminalnih dejanj povečalo s prihodom migrantov,2 žalitev
seveda kar solatarica reče je pa vse res poznamo že njen presstitutski fakenews,0 ni sporni govor
fuul je že čistejša mi smo se lani kopali pa ne po nesreči,0 ni sporni govor
zamimivo kdo govori o izvrševanju pravnomočnih odločb,1 nespodobni govor
novi zakon onemogoča razkrivanje zločinov zdravnikov ki so z elektrošoki uničevali kritike povojne komunistične,0 ni sporni govor
lani po svetu prodali kar 1 56 milijarde pametnih mobilnikov,2 žalitev
no tu bi se pa dalo podebatirati,2 žalitev
ti gnoj satanski bi koga zapiral pojdi že enkrat po psihiatrično pomoč nujno,1 nespodobni govor
jutri v petek ob 1800 v ts360 na trgu oberdan v trstu o romanu dušana jelinčiča nocoj bom ubil chomskega nepozabno bo,0 ni sporni govor
podjetniški guru dvignil občinstvo na noge spoznajte se z napredek smo odgovorni sami ali,2 žalitev
lol niti 1000 ljudi ne bo taliko kot gretenov na zadnjih klimademonstracijah,0 ni sporni govor
včasih so reklivrag je v detajlih tega pa fakin z 1 nim obiskom ne bo zvedel,2 žalitev
jelenov greben paket dva dni naju ni z vključeno večerjo ob svečah klikni,0 ni sporni govor
varnost na psu gledalec na igrišču igralec porine sodnika sodnik izvleče rdeči karton bakle zamegljujejo igrišče napeto pač,2 žalitev
golobi so kot politiki ko so spodaj ti jedo iz roke ko pa so zgoraj serjejo po tebi,0 ni sporni govor
če ga ne ustreli je to samo zato ker je že vse postreljal,0 ni sporni govor
še sedaj bi radi teptali demokracijo s svojimi spranimi možgani,2 žalitev
pomembnost uporabniških vmesnikov raketni preplah na havajih,0 ni sporni govor
pa kapitalisti bi mu dali nič denarja za neko njegovo brezvezno kulturo tako da do tja sploh ne bi prišel,0 ni sporni govor
eni rabjo adrenalin meni pa sam kislino dvigne in aktivira črevesje,2 žalitev
le najboljše za vašo kožo paket dveh kakovostnih krem iz arganovega olja ali iz konopljinega olja lahko pa se,0 ni sporni govor
moderni biciklizem po regionalnih cestah ali rejli vozniki po vasi 70km na hprometniki pa preverjajo varpas,0 ni sporni govor
ležim na tleh in štemam okvir vrat pizdun seveda ne izpusti prilike da se vleže na mehko štakor,0 ni sporni govor
ko ti glavo perejo z varikino in norčevanje iz slovenščine,0 ni sporni govor
foto ljudski pevci in godci nastopili pri stolpu vinarium,0 ni sporni govor
pri cerarjevem ogledu makete je vlakec 10 krat prevozil razdaljo koper divača in cerar si je napisal 10 kratne potne stroške,0 ni sporni govor
ni primerjave komunisti so ubijali lasten narod,2 žalitev
če imate doma banano in cimet je vredno poskusiti pa lahko noč,0 ni sporni govor
v pesmi se petje prevejškove pomeša z janševim skandiranjem pravzaprav kar rapanjem prebudi se slovenija,2 žalitev
iz naravne zbirke receptov še eden ki se ga splača preizkusiti morda pa vam pomaga,2 žalitev
zelo težko to priznam ampak živ ne prenesem da bi me strigel moški enostavno se ne počutim lagodno,2 žalitev
res jo slabo poznaš za komuniste so vedno drugi krivi,0 ni sporni govor
vodeb je v fazi odraščanjakončno mu bo uspelo sicer pohvalno brez heca,0 ni sporni govor
vi se pa s foteljev vstanite že enkrat cel sds mislim poslance in opravičite glas katerega sem vam dal,2 žalitev
telavancin pri bolnikih z bolnišnično pljučnico podobno učinkovit kot vankomicin,1 nespodobni govor
v mariboru otvoritev evropskega prvenstva v streljanju slavnostna govornica ministrica za obrambo,2 žalitev
zaslišanje za komisarja eu kdo ste slovenec sem kaj delate iščem rešitve česa pa ne ne jamram,2 žalitev
kakšne standarde skupnosti kaj pa so oni so ustavni vsegliharji marš banda,0 ni sporni govor
kako ti je všeč ideja če bi za začetek iztrebili evropo,0 ni sporni govor
to je mnenje novinarja večinskih medijev namesto da bi pomagal raziskovati mafijo ki pere denar žalostno,0 ni sporni govor
kitajci so danes popolnoma znoreli dva nova igričarska telefona en modularen pa najmanj en šaomi,2 žalitev
v letu 2019 vam želimo le najboljše od najboljšega,2 žalitev
res za crknit ne vem če vama lahko pomoč pa res ne bi škodila,0 ni sporni govor
samo da povdarim poanta ni v kroju reklca ampak v gugl imidž search zadetku lp štajerc,0 ni sporni govor
tale jolbe s prstom v popku je očitno v celoti neindoktriniran,2 žalitev
ne piši bedarij še v njenem potiličnem okraju volkermarkt jo skoraj nihče ne pozna,2 žalitev
shod rešimo slovenijo skozi objektiv fotoreporterke revije demokracija veronike savnik,0 ni sporni govor
ti si bolj nov na tviterju takele skret papirje smo že vse videli in v wc školjko plagiat s trstenjakove,0 ni sporni govor
ni druge kot ne odpreti 24kur twja in fbja plakate ob cestah pa že nekak obideš s pogledom,0 ni sporni govor
wc bodo malo bolj poscani ženske pa bodo vozile smuk pač bodo v boljši kondiciji,2 žalitev
kdor je gledal serijosamo bedaki in konji mu bo vse jasno,2 žalitev
zadnjič sem rekla da so brisalci fuč in da rabim nov avto miklavž mi je prinesel nove brisalce dragi miklavž jebi se,3 nasilje
cist iz firbca kolk stane zavarovanje 5 let starega 150k ko je bil nov vrednega avta,2 žalitev
otroci saša einsiedler odraščajo tako hitro beži čas,0 ni sporni govor
da vam pomaga razumeti v kako veliki zablodi ste,0 ni sporni govor
ali ne ploskajo kot v severni korejipri nas seveda samo dokler bodo piškotki,0 ni sporni govor
so bili to kolaboranti in narodni izdajalci bili so begunci pred komunističnim terorjem in morijo,2 žalitev
ne bo dosegel ker zaradi težav nima dovolj goriva,2 žalitev
kupoprodajna pogodba za mercator nobenemu od prodajalcev ne zagotavlja plačila kupnine niti plačila v doglednem času,2 žalitev
ike skace v eno bakico in ona bla bla nc ti ne morem dat nc nimam bla bpa da te ne bom sanjala slucajn futri svoje mojga pust,2 žalitev
tudi v studenicah pri poljčanah še laufajo pač počasnejši internet,0 ni sporni govor
reporter in posebna izdaja reporter magazin pri prodajalcih časopisov in v trafiki24,2 žalitev
tudi mene zanima zakaj je bil ovaden voznik avtomobila če kolesar pripelje narobe to ni malomarnost avtomobilista,2 žalitev
to zimo bo največ hlodovine iglavcev iz državnih gozdov dobilo avstrijsko podjetje,0 ni sporni govor
spet nazaj me je prijavil ko sem mu resnico napisal pa so me malo zablokirali,1 nespodobni govor
zar omakco sam naredim karameliziram cebulo solata paradiznik pa obvezno cheder sir weber zar medium peceno,0 ni sporni govor
taka rit vzbuja pozitivne občutke ne pa degutantnih drugič eno grdo debelo in kosmato prosim da si mal bruhnem v usta,0 ni sporni govor
kdor ni z nami je proti nam v politiki imamo vojno uničevalno stanje,2 žalitev
pride dan ko ga se vedno tako zapogresam da bi kar z glavo butala v zid,2 žalitev
pričakovano tudi če koga ubije bo oproščen le da je proti janši barabe,2 žalitev
kardeljev dokument o čiščenju je sigurno pristen saj bi v nasprotnem primeru rdeči to že zdavnaj poskušali zavreči,2 žalitev
adventni čas je tukajprva adventna nedelja preživite jo mino in spokojno in ne v naglici,0 ni sporni govor
maščevanje levičarskih medijev grimsu ta je razkril afero pranja denarja v nlb oni pa nad njega z la via,0 ni sporni govor
divja neugnana večno mlada kako piči in če uniči pa ne vem,2 žalitev
damn imam nekaj viška banan tole gre jutri v pečico,0 ni sporni govor
iiiiin še en sms zaradi takšnih stvari dragi prjatli blokiram vašo telefonsko številko,0 ni sporni govor
vozil tovorno vozilo z uničeno pnevmatiko,2 žalitev
dvaindvajset ameriških zveznih držav pred potekom varovalk zahteva rešimo net,0 ni sporni govor
kako vidiš da mesto stagnira ko se o nekem fuzbal klubu govori kot o državni politiki,0 ni sporni govor
je zadnjič ena nemškamuslimanka lepo povedala na nemški tv kaj imam jaz s temi norci ki sebe razstrelijo da bi ubili druge,2 žalitev
brezpilotni letalniki droni so čez noč postali vsestransko uporabni via,2 žalitev
lahko pa pošlje piranskega župana da jim razloži glasove ki jih je zjutraj slišal iz bobna pralnega stroja,0 ni sporni govor
spokaj se dost sranja itak pa nimate jajc ker vam paše poslanska placa,2 žalitev
da se imaš prav ampak bedarije vseeno ne moreš pohvaliti,0 ni sporni govor
sam res tele ministriministrice v vladi mcerarja s samimi presezki,0 ni sporni govor
sadike solate so že na voljo preverite kristalka canasta,0 ni sporni govor
arhitekt stisne toliko parkingov kot pusti standard če ima ugovor vesti se pa že najde kdo ki bi narisal samo zakonito,0 ni sporni govor
pojdi počistit belokranjske gozdove za migranti ko že podpiraš to politiko pa kompanjone vzami s sabo potem vas bom razumel,2 žalitev
tako je lahko se delamo norca iz politike ampak kapital je pa sveta krava,0 ni sporni govor
poznam dobrega psihiatra da vam pomaga g vodeb,0 ni sporni govor
ok boš preživel zdaj pa pejt lepo nazaj v svoj black and white svet,0 ni sporni govor
mi še običajne infrastrukture za adblue nimamo pa sanjamo da se bomo vsi samo še na elektriko vozili,0 ni sporni govor
te spopade je treba podpirati še prej pa jih nepredušno zapreti volk sit in koza cela,2 žalitev
ko se gre za lastno rit pa lahko javno zdravstvo vrag pocitra ane,0 ni sporni govor
mora biti res koza če ji je še predsednik norcev to zabrusil,2 žalitev
ne boste verjelipankerti in dediči puklastega miha v prekmurju volijo le levico ali sd,2 žalitev
mater kak je pa ta matjaž krajnc pameten take pametne lahko razsipa samo direktor družbe slovenske železnice infrastruktura,0 ni sporni govor
skrb za malega možicada si ne poškoduje glavo miljarde miljoni se pa kradejo in odpuščajo,2 žalitev
jebeš župana ki je fukfehtar in rabi sodišče da ga ščiti ker nima jajc,0 ni sporni govor
nima sreče niti v smrti e pa jebi se ti men kdo ga je silil gonit svoje bacile tja,2 žalitev
nekaj populizma preusmerjanja pozornosti nlbeu in priložnost za blatenje nezaželenih posameznikov simić,2 žalitev
komu najpred veselo k nam naj nazaj se vrnejo ki nam oživlja žile bog živi ves slovenski svet ker po nas vse skrbi ne vrag le sosed bo mejak,0 ni sporni govor
z božičem bo mene moral še nekdo okužit nad snegom sem pa vedno navdušena,0 ni sporni govor
sabina ne žali angelce sabina uporablja zdravo pamet sabina nima opranih in bolanih možganov,2 žalitev
začetek tekme vs prva petorka bratož čebular s sebič drobnjak bolčina šentjur,2 žalitev
potovanje ni več moja intimna opcija,2 žalitev
tole prvenstvo bo pa drago stalo javna in od državnih parazitov izbrana ppdjetja,2 žalitev
kje se pri nas trenira streljanje na glinaste golobe,0 ni sporni govor
baje bo rdečuharski izmeček danes na usb ključku razkril odkod se financira wc papir mladina,2 žalitev
boter je imel generalkopoizkusno strelbo z karbidompred veliko nočjo,2 žalitev
čezvesoljski zajebant je fejk v resnici je mokrocvetoča mimozica,2 žalitev
lexmark ms415dn 1o laserski črnobeli,2 žalitev
majko mila ko da sem iz vojne na trebuhu ne morem spat in vsakokrat ko se premaknem se z rano podrgnem ob kovter in zbudim man up ffs,2 žalitev
beat this kraljevi hlebec kajmak javorjev sirup p,2 žalitev
stalno poslušam da amerom ne lezemo dovolj v rithrvatje so to delali dokler jim sberbank ni postavil ultimatasmešnica se očitno nadalju,0 ni sporni govor
kdo so kreteni ki dovolijo svinjanje s tem sranjem,0 ni sporni govor
če bi naši tako igrali kot vodi tale bavec bi bili že zdavnaj doma,0 ni sporni govor
dragi moji se je zbudil in do prave pizdarije manjka samo še kakšen tvit,0 ni sporni govor
to komunistično babše te blokne čim ni vse po partijski liniji,0 ni sporni govor
v wc bodo posjeli travo in zasadili drevesa in potem bom lahko scal v naravi,2 žalitev
tampotisk na vžigalnike,0 ni sporni govor
italexit bi bil slab za slovenijo ne za italijo izvleček pogovora z v,1 nespodobni govor
država pravi da je velika znanost in predpisuje da morajo dimnike čistiti le pooblaščenci kar je norost,0 ni sporni govor
hvala bogu da grem na šihtlahko je not do jutri zjutraj ob 7ih pa naj gre spat tko kot jst,0 ni sporni govor
stisnit je treba čez ene 10 minut pa imet twitter zraven odprt potem se možgani ugasnejo in je to to,0 ni sporni govor
s5 smo vedno bolj podobni rusiji slabo ali nič vzdrževane železnice rudniki in na sploh težka industrija,2 žalitev
tvoja slepota ni v dioptiji ampak v objektu nečesar pač ne vidiš ker tega nočeš videti slep si,0 ni sporni govor
okrog 1930 je bila policija obveščena o streljanju v portorožu,2 žalitev
to pa res ni neka novica no vsaj ne v primerjavi s tem da se je gospa bulc peljala z vlakom in brala knjigo,2 žalitev
grozljivo da je protestant postrelil svoje ljudi v cerkvi sad martina lutra in primoža trubarja,1 nespodobni govor
ležim v super udobni postelji v čudovitem bungalovu in se ob štirih zjutraj spoznavam z radostmi jet laga,0 ni sporni govor
good peepz of tw kako se izračuna višina plačila vrtca če je eden v rednem delovnem razmerju drugi pa je sp dobrodošel,0 ni sporni govor
ja kaj češ eni nimajo državnih medijev za sabo ki bi jim kampanjo zastonj furali,2 žalitev
a obstajajo kakšni dokazi za to ali je to spet cvetka nove 24tv,0 ni sporni govor
eno takole naj bi izgledalo njihovo uničenje,0 ni sporni govor
pa smo spet v diktaturi komijevbravo ljudmiladržava nad državljaninsi sami boljševiki,0 ni sporni govor
banda komunistična vse kandidate rinejo na desno,0 ni sporni govor
nivo gledalcev nove24 leon štukelj je predsednik sinikata in napoveduje demonstracije učiteljev včerajšnji klic v oddajo tema dneva,2 žalitev
pravkar igram igro biathlon mania pridruži se in me poskusi premagati,3 nasilje
zahtevam da mi tvoja mama časti vse rupurute ki jih bom rabil od danes naprej čina,0 ni sporni govor
holesterol alko čiki in splošna avtohtona zabitost,0 ni sporni govor
obvezni zakaj si mela otroke če nočeš biti 24 ur na dan z njima je že v mojih dmjih ostali trolčki si lahko vzamete malo frej,2 žalitev
dajte take zadev pustiti odklenjen da jih lahko prebere čimveč folka,0 ni sporni govor
toninov pogled na meseca ki jebil na govornici je bil ubijajoč poglejte si ga v pogledu nazaj na tv,0 ni sporni govor
kok si pa ti zblojena teta če bi šel pa noriški kralj tja bi bla pa vsa fajhtna al kako,0 ni sporni govor
samo to je resnica ni smešno in ni to edino mesto šiptarko zdaj so pa sploh krila dobil ko majo še pv svojga,2 žalitev
v nemčiji policija zaradi posilstev svetuje ženskam naj ne tečejo same v italiji posilstva na švedskem posilstva katastrofa,2 žalitev
turško letalo strmoglavilo na vas umrlo najmanj 37 ljudi cele družine so bile ubite med spanjem via,2 žalitev
abidal in barcelona se prijateljsko razhajata,0 ni sporni govor
mi pa ponižno klečhmo in pojemo marija k tebi uboge reve kaj gospod nadškof naredi kot frančiskan to me zanima,0 ni sporni govor
500 metrov od hotela je stadion in ravno danes je fuzbal mimo so pravkar padli vodni top in pol ducata maric,2 žalitev
nekateri pa komaj cakamo da odnese murgeljsko podgano pojasnila pa lahko dobis v knjigi jozeta mozine slovenski razkol,2 žalitev
prosite kaksnega prijatelja soseda najveckrat so psi cipirani in se lastnik takoj najde,2 žalitev
imava pač različna mnenja žalostno dejstvo pa je 41 mrtvih in več kot 1000 ranjenih tudi otrok žal,0 ni sporni govor
v nemčiji zaradi domnevne bombe evakuirali 14000 ljudi,0 ni sporni govor
milijon vržen vstran tam pa nimajo za zimske gume za policijska vozila ali pa za servise,0 ni sporni govor
levica ima v programu časovno omejitev funkcij poslanci župani na dva mandata,0 ni sporni govor
volite menebombombomdajte mir že enkratbom volilda boš višjo pokojnino nagrbaljaz pa itaq,2 žalitev
progresivec kaj levičarji res mislijo pa nikoli ne povedo na glasno včasih celo povedo na glas,2 žalitev
24kur na sketovi v ljubljani so se ponoči streljali pa je kdo kaj zadel,0 ni sporni govor
zakaj stari komunisti živijo tako dolgo ker jih je strah umreti,0 ni sporni govor
to maš pa res ajmo cirice ajmo dečaci dan se ne bo sfižil sam,0 ni sporni govor
v sredo popoldne popoldne in potem se čudimo ko nas nategujejo na suho slovenec bil in ostal hlapec,0 ni sporni govor
kam sej pa ta skril jebela pohn ga je blo povsod poniknu k pišanci kr srečo je mel fant,0 ni sporni govor
veš kako ustaviš pasji ravs lahko in kdaj sploh posežeš vmes in povlečeš psa narazen več si lahko prebereš na,0 ni sporni govor
tko bom rekla paštetka bo glih za skajčin medobrok,0 ni sporni govor
ful so luštni puloverji z masnicami na rokavih dokler ne daš gor bunde,0 ni sporni govor
kdor hoče v ljubljanici bit se mora pol umit in se v pižamci odcedit,0 ni sporni govor
se poznajo one milijarde od sorosa in njegove genocidne bande,0 ni sporni govor
ne odobravam nasilja vendar pa upodobite m kot psa na povodcu to ni svoboda to je liberalen idiotizem,0 ni sporni govor
kaj a zdaj sledi drugi krog soočenja po večinskem sistemu made in poptv pri 20 neodločenih je to rahlo manipulativno se mi zdi,2 žalitev
saj sedijo po redakcijah in čakajo da jih kučani pokličejo in povedo kako naj mislijo,2 žalitev
oba ker en brez drugega ne moretada si pokrijeta rit,0 ni sporni govor
pravkar igram igro biathlon mania pridruži se in me poskusi premagati,2 žalitev
a v nedelo morš vrsto delat telufona se ne kupujejo na gospodov dan v puščico bi morala nest hehe,0 ni sporni govor
vabimo vas na delavnico nenasilne komunikacije ki jo bomo z združenimi močmi izvedli pravni center za varstvo,2 žalitev
pjurec nekaj na pamet morda en kocbek pa še ta je spregledal žal prepozno in so se ga znebili,2 žalitev
ne drži v domžalah na tžnici mama ivanka kar na stojnici peče krofepa je veter in vedno ratajo mojstrica krofov pač,0 ni sporni govor
previsoka cena sociale državnega totalirizma športni stroji ne hvala sem del sistema ki mi gre na kurac,0 ni sporni govor
imo nimajo nikakršne omembe vredne baze fanov sploh po fiasku z goljufanjem,0 ni sporni govor
ja svečo s ss simboli so tja dali komunisti verjetno graški,0 ni sporni govor
v predoru trojane je zaradi prometne nesreče zaprt vozni pas v smeri proti mariboru nastajajo zastoji,2 žalitev
katstrofa taka tradicija in fakukulteta in en proslul arhitek izrojene italije fašist,2 žalitev
z dvema špohtloma si glavni že na odprti kuhni kaj ne boš na rivi,2 žalitev
za janšo je to normalno saj je abramboslovec no tukaj se strinjam z njim,2 žalitev
pustne maškare so v sklopu kurentovanje 2019 migale v ritmu magnifico in novi fosili,0 ni sporni govor
kolk te bo pa ocuril zdej bi ti morau vse zastonj nardit k si ga tolk casa cakala,0 ni sporni govor
kdor med vojno ubija civiliste je terorist v sloveniji so teroristom postavili spomenike,0 ni sporni govor
kdaj bo toplo jaz hočem zjutraj 10 stopinj da lahko greva peš s frocom v vrtec saj veste asmatiki in te fore,2 žalitev
kot socialdemokrati bi lahko pokazali malo več humanosti ne pa da vaši nemški kolegi sdp grozijo kot da so mafijski klan,0 ni sporni govor
ne more tašča regrata nabirat povsod k si zmisli en red pa mora biti,0 ni sporni govor
nevihta ni pregnala iz pisarne,2 žalitev
dobra analiza končne postaje samoreguliranega svetovnega spleta kdo manjka,2 žalitev
čeprav je nedvomno šele predzima bernistra že cveti lovor pa se bo odprl zdaj zdaj na krku,0 ni sporni govor
naj nekdo pove da so tudi podpirali zvezdniki in sportniki pa se vseeno ni zmagala,2 žalitev
rudnik brez denarja idriji grozi potop via danes ob 21 v preverjeno,0 ni sporni govor
komunisti kdo drug pa naj bi poskrbel da zlato izgine,0 ni sporni govor
če bo danes na primorki jeba mi ne bo hudega bom pač 2x zapored poslušal,0 ni sporni govor
zapoj veselo o kristjan veselja tvojega je dan premagana je smrt nemila oblast peklenska moč zgubila aleluja,0 ni sporni govor
tale svet je res vedno bolj zrel za kakšno spodobno kugo katastrofo ali pa vsaj revolucijo,1 nespodobni govor
ta je ciciban za naju sploh pa vprasanje kaksen pir majo to tele jenkiji,0 ni sporni govor
irska v belfast je prispela ekipa slovenskih strokovnjakovza kapucarje ki bodo policiji pomagali iz mesta pregnati konunistične skrajneže,2 žalitev
mal še počak da najde še položnice in gre v čakalno vrsto delat dren,2 žalitev
komentar ni potreben imajo pa lanthimosovi filmi najboljše plakate daleč naokrog,0 ni sporni govor
imeli so ponudbo še enega outsourcerja za 40 mio vzeli tega za 20 kud puklo da puklo prihranek mora bit,0 ni sporni govor
kdor ima jutri ob 17h čas in ga zanima zgodovina in prihodnost spleta naj nas pride poslušat v cekinov grad,0 ni sporni govor
v kulturo in tudi kudfp vztrajno in brutalno reže privatizacija ki kapitalistično posiljuje ljubiteljsko kulturo in kulturnike ter pika,0 ni sporni govor
kolesar formata kakršnega slovenija še nikoli ni imela,2 žalitev
strankarski pamflet je lažje in ceneje napisat in to ne leti na da ne bo pomote,1 nespodobni govor
po kvadratu je bilo mnogo ceneje od lokacij v centru ali blizu centra ljubljane nabijate v prazno,0 ni sporni govor
medijska luknja že dolgo zeva iz praznih glav mnogih novinarjev,0 ni sporni govor
ne deluješ mi kot nekdo ki lapa neki v tri dni in da boš kmal zrel za politika,0 ni sporni govor
mislim da naši forenziki še nimajo licence razen za dr noviča,0 ni sporni govor
a si ziher mislim ker baburi ego nabija u tri corave njo se z bombo ne pometes,2 žalitev
potem pa čimprej na politično smetišče,0 ni sporni govor
za svoje riti vedno najprej poskrbijo kdo še trdi da ni strateškega premisleka,0 ni sporni govor
sevedata vlada bo kot volovska vprega njim je vrojeno da vsak vleče na svojo stranpo štajersko se šprajcajo,0 ni sporni govor
tisti delec moje narcisoidne narave nezadovoljno zmajuje z glavo,0 ni sporni govor
v zavarovalnici generali šolarje razveselili z novimi potrebščinami,0 ni sporni govor
bi moral ta ekspres popravila zaračunat trojno,0 ni sporni govor
zjutraj nesreča rešilca na štajerski avtocesti,2 žalitev
pravzaprav ni sama kriva poslušajo jo in ji kimajo,2 žalitev
poškdobe na ptujskem pešmostu kaj interventnega preko peš mostu lahko prevaža pošta slovenije,2 žalitev
zatrapal sem se tako hudo da me bo pokončalo zaradi nje bom izgubil glavo ah tina giljo pokončala me boš,2 žalitev
naredilje pa toliko škode da si američani zlepa ne bodo opomogli grdoba nagnusna,0 ni sporni govor
kar pomeni dobrih 20 sedezev v parlamentu od 90 toliko o tem brihtnez,2 žalitev
slovenceljkemu hlapcu sodijo razni srbi ki so nas napadli pred 28 leti da si nek narod to dopusti res ni vreden kile dreka,2 žalitev
če hočeš inteligentne otroke jim beri pravljice,2 žalitev
glede na to kaj so zganjali levaki pa mavrični in glede priznanja je to sigurno posledica tega,2 žalitev
kriminalistična preiskava je nujna da se otroci ne bi delali norca kakšna vzgoja v šoli pa je to,2 žalitev
za luč bomo že samo spokajo naj saj bodo kmalu spet v pristopnih pogajanjih,0 ni sporni govor
dokler zmagujete ste naši ko zgubite pa ste luzerji a ne čkomentatorji,1 nespodobni govor
straniščar židan in se spet sprenevedata in sejeta sovraštvo in razdor prokleta podgana rdeča pusti desničarje na miru,0 ni sporni govor
video študent vdiral na spletne strani letalske družbe in dobil za kar 300000 eur letalskih kart,0 ni sporni govor
slovenjgraški rokometaši so v 6 krogu lige nlb premagali mariborski branik,0 ni sporni govor
3slika tako je ko se nekaterim fučka za slovenijo,0 ni sporni govor
demenca je bolezen ki politika stane kariere slab spomin je izdajalec laži,0 ni sporni govor
vinko blokira s tresočo roko kot bi rekel ernest petrič s tresočim glasom,2 žalitev
včasih je bolje neurje kot bonacasamo stalno neurjeto pa utruja,0 ni sporni govor
te muslije je treba resno nakregat mogoče še obrvi namrščit da bodo res vedeli da nam ni prav,2 žalitev
klinar je reku on je dober samo za nenamerno ciscenje pajcevin z reflektorjev na strehu,2 žalitev
prdec spet nekaj spletkariponoči ne more spati pa kova plane,0 ni sporni govor
pa kaj je s temi senior ameriškimi demokratkami vse zgledajo kot da bi jih direktno iz sušilnice na oder postavil,2 žalitev
ganite me in me hkrati prehitevate navedli ste že vse misli za jutrišnji dan,0 ni sporni govor
mah ona ne počne tega ker je gospa jaz pa ne znam tko dobro handlat da bi mi iz rok jedli,2 žalitev
pa pošl štunfe nazaj pa reč da naj ti pošljejo tvoje velikosti,2 žalitev
švedska se utaplja v kriminalu nigerijske tolpe blackax nova24tv,2 žalitev
naj te hitro mine tale vročina mrbit bi lipov čaj znal pomagat,0 ni sporni govor
kako se lahko vsakega zjebe rdeče garje so brez morale v večini,0 ni sporni govor
in to so intelektualci iz kakšni so potem njihovi primitivci,0 ni sporni govor
sprovocirat sam sebe dela za idiota vsak dan z vsakim takim twitom se bolj kaže njegova veličinaidiota,2 žalitev
eurobaske z tv signalom dosega 167 držav jih bo v slovenijo pripeljala 163,2 žalitev
hladilnik si upas odpret da ti nbo kak komunist vn skocu pa daj no,2 žalitev
mladi čefurji zahtevajo semaforje s silhueto bluetooth zvočnika,2 žalitev
paranoidna motnja ali vsaj bipolarnost to je skupno vsem,0 ni sporni govor
v žepe zasebnih zavarovalnic ne,0 ni sporni govor
res je sedaj pa bi želeli imeti avtobus in tank v enem vozilu 8x8 ne gre tank je ob vsej svoji ranljivosti še vedno tank,0 ni sporni govor
velik masten slasten predvsem pa krompir,0 ni sporni govor
naj pomaga in naj pomagajo progresivci naj nakažejo denar ilegalce nimajo kaj vlačit v slovenijo,2 žalitev
oh dream team prisežem sploh če je pire narejen s kislo smetano in ne samo z maslom,2 žalitev
edinost sreča sprava k nam naj nazaj se vrnejo ni take je mladenke ko naše je krvi dekle brate vse kar nas je ne vrag le sosed bo mejak,2 žalitev
na koncu bo tresla se je gora rodila pa miš v grškokatalonski zablodi,2 žalitev
kar dve laži v enem tweetu preberi si kaj ne pa ponavljat agitpropa ki so ti ga povedale tršice v jugi,0 ni sporni govor
zakaj komunisti vedno stojijo v dveh vrstah kadar se slikajo zato da se imajo strici iz ozadja kam postavit,0 ni sporni govor
nategunska zdravila brez gso kam že to prijavim prišlo na službeni mail,2 žalitev
migrantje so pičkim dim proti tem mlečno zobim fašistom drhal polna rit nuttele,2 žalitev
tuki ji moraš samo rečt da okej ti boš pa tut za drugimi gledala ko bo mož gubast pa bo obema fino,2 žalitev
ta usrane ni imel ne čutarice ne cigaretne doze še za cigarete ni imel smrkavec,2 žalitev
ne vem kaj ste pricakovali pa tudi zanima me ne ker nekdo ki mi nekaj apriori pripise tako cez palec ni resen sogovornik,0 ni sporni govor
